,ts_signal,side,entry_price,tp_price,sl_price,outcome,pnl,bars_held,exit_price
0,2019-12-19 22:00:00,SHORT,127.2,112.90714285714286,136.72857142857143,TIMEOUT,-13.32311320754717,100,1821.9
1,2019-12-22 19:00:00,LONG,132.2,134.3725143324879,130.75165711167472,LOSS,-0.01095569507053912,13,130.75165711167472
2,2019-12-24 06:00:00,SHORT,128.11,126.61288302253999,129.10807798497336,WIN,0.011686183572398907,11,126.61288302253999
3,2019-12-28 11:00:00,LONG,127.51,128.5991527962201,126.78389813585328,WIN,0.008541704934672505,3,128.5991527962201
4,2020-01-02 09:00:00,SHORT,129.74,128.1462713584271,130.80248576104862,WIN,0.01228401912727693,3,128.1462713584271
5,2020-01-03 12:00:00,LONG,132.66,134.01041375980472,131.7597241601302,LOSS,-0.006786339815089751,2,131.7597241601302
6,2020-01-09 14:00:00,SHORT,138.19,136.06275774154662,139.60816150563556,WIN,0.015393604880623624,11,136.06275774154662
7,2020-01-10 18:00:00,LONG,142.68,145.01438919207538,141.12374053861643,WIN,0.016361011999406906,12,145.01438919207538
8,2020-01-20 13:00:00,SHORT,164.45,160.85441306782758,166.8470579547816,LOSS,-0.014576211339505114,2,166.8470579547816
9,2020-01-21 12:00:00,LONG,167.63,169.8971397240115,166.11857351732564,LOSS,-0.009016443850589705,6,166.11857351732564
10,2020-01-23 02:00:00,SHORT,165.04,162.9622147931774,166.4251901378817,WIN,0.012589585596356017,9,162.9622147931774
11,2020-01-26 20:00:00,LONG,167.0,168.8238282221939,165.7841145185374,WIN,0.010921127079005366,3,168.8238282221939
12,2020-02-11 01:00:00,SHORT,219.33,216.3577970411408,221.31146863923948,LOSS,-0.009034188844387298,6,221.31146863923948
13,2020-02-11 15:00:00,LONG,229.09,231.88701279799434,227.2253248013371,WIN,0.012209231297718543,2,231.88701279799434
14,2020-02-16 00:00:00,SHORT,263.72,255.90897689440828,268.9273487370612,LOSS,-0.019745748282501065,2,268.9273487370612
15,2020-02-18 02:00:00,LONG,269.54,275.9180862369725,265.28794250868503,LOSS,-0.0157752374093455,7,265.28794250868503
16,2020-02-20 01:00:00,SHORT,262.05,254.74156230013512,266.92229179990994,WIN,0.027889477961705385,9,254.74156230013512
17,2020-02-22 00:00:00,LONG,265.64,270.76106731729766,262.2259551218016,LOSS,-0.012852149067152577,4,262.2259551218016
18,2020-02-22 04:00:00,SHORT,260.7,256.23589224153113,263.6760718389792,LOSS,-0.011415695584883917,1,263.6760718389792
19,2020-02-23 05:00:00,LONG,268.8,272.02366673056713,266.6508888462886,WIN,0.011992807777407431,3,272.02366673056713
20,2020-02-24 20:00:00,SHORT,261.67,258.15312733955,264.0145817736334,LOSS,-0.008960070981134119,2,264.0145817736334
21,2020-03-02 14:00:00,LONG,228.41,231.64653554380988,226.2523096374601,WIN,0.014169850461056342,2,231.64653554380988
22,2020-03-03 20:00:00,SHORT,222.45,219.49381322426723,224.42079118382182,LOSS,-0.008859479360853365,2,224.42079118382182
23,2020-03-04 04:00:00,LONG,227.55,229.94117047778417,225.9558863481439,LOSS,-0.0070055532931492205,2,225.9558863481439
24,2020-03-04 09:00:00,SHORT,223.6,220.92785870429003,225.3814275304733,LOSS,-0.007967028311597981,6,225.3814275304733
25,2020-03-05 05:00:00,LONG,228.18,230.35450604292274,226.7303293047182,WIN,0.009529783692360107,4,230.35450604292274
26,2020-03-08 06:00:00,SHORT,227.94,224.87573398277652,229.9828440114823,LOSS,-0.008962200629474055,1,229.9828440114823
27,2020-03-19 06:00:00,LONG,117.54,119.73473826049054,116.07684115967298,WIN,0.018672266977118754,2,119.73473826049054
28,2020-03-22 15:00:00,SHORT,128.0,124.16676448998828,130.55549034000782,WIN,0.02994715242196655,3,124.16676448998828
29,2020-03-23 22:00:00,LONG,131.2,135.3665288399215,128.42231410671897,WIN,0.0317570795725725,2,135.3665288399215
30,2020-03-26 15:00:00,SHORT,134.72,132.90817848688118,135.92788100874589,LOSS,-0.008965862594610201,6,135.92788100874589
31,2020-03-26 23:00:00,LONG,138.47,140.3138836377675,137.24074424148833,WIN,0.013316123620766264,1,140.3138836377675
32,2020-03-28 00:00:00,SHORT,128.7,126.42317410134095,130.21788393243935,WIN,0.017690954923535673,2,126.42317410134095
33,2020-03-30 15:00:00,LONG,131.95,134.42226004101587,130.30182663932274,WIN,0.018736339833390576,4,134.42226004101587
34,2020-04-01 17:00:00,SHORT,129.48,128.17330472942928,130.35113018038047,LOSS,-0.006727913039700926,3,130.35113018038047
35,2020-04-01 23:00:00,LONG,135.69,137.3584071551352,134.5777285632432,WIN,0.012295726694194218,1,137.3584071551352
36,2020-04-10 06:00:00,SHORT,161.12,157.89427403682294,163.27048397545138,WIN,0.020020642770463438,2,157.89427403682294
37,2020-04-12 18:00:00,LONG,162.21,164.03477442438455,160.993483717077,WIN,0.011249457027214988,1,164.03477442438455
38,2020-04-13 01:00:00,SHORT,153.01,150.0293467144906,154.9971021903396,LOSS,-0.01298674720828451,9,154.9971021903396
39,2020-04-14 15:00:00,LONG,160.3,162.24322660604673,159.00451559596885,LOSS,-0.008081624479296052,5,159.00451559596885
40,2020-04-15 16:00:00,SHORT,156.92,155.23855185572023,158.04096542951982,WIN,0.01071532082768134,5,155.23855185572023
41,2020-04-16 08:00:00,LONG,171.0,175.2888965541914,168.14073563053907,LOSS,-0.016720844265853397,2,168.14073563053907
42,2020-04-20 19:00:00,SHORT,167.6,163.71260688443022,170.19159541037985,LOSS,-0.015462979775536114,1,170.19159541037985
43,2020-04-22 14:00:00,LONG,181.4,184.05927791439765,179.62714805706824,LOSS,-0.009773163963240164,8,179.62714805706824
44,2020-05-03 17:00:00,SHORT,207.85,205.49970151544102,209.41686565637264,LOSS,-0.007538444341460868,4,209.41686565637264
45,2020-05-06 11:00:00,LONG,209.95,212.52806919640665,208.23128720239555,LOSS,-0.008186295773300498,1,208.23128720239555
46,2020-05-06 23:00:00,SHORT,198.84,195.8654827502485,200.82301149983434,LOSS,-0.009972900321033661,1,200.82301149983434
47,2020-05-07 18:00:00,LONG,212.86,216.06171003040407,210.7255266463973,LOSS,-0.01002759256601858,8,210.7255266463973
48,2020-05-10 00:00:00,SHORT,192.29,186.784984521905,195.96001031872999,WIN,0.02862871432781218,3,186.784984521905
49,2020-05-13 12:00:00,LONG,194.48,196.44796804473123,193.16802130351252,WIN,0.010119128160896938,2,196.44796804473123
50,2020-05-15 23:00:00,SHORT,194.4,191.7346439292764,196.17690404714907,LOSS,-0.009140452917433435,2,196.17690404714907
51,2020-05-16 05:00:00,LONG,202.0,204.55859498008118,200.2942700132792,LOSS,-0.008444207855053452,2,200.2942700132792
52,2020-05-20 22:00:00,SHORT,210.42,208.58741853463636,211.64172097690908,WIN,0.008709160086320842,9,208.58741853463636
53,2020-05-23 01:00:00,LONG,208.94,211.15570193363658,207.4628653775756,LOSS,-0.007069659339640026,7,207.4628653775756
54,2020-05-24 17:00:00,SHORT,203.95,202.0286913475517,205.23087243496553,LOSS,-0.0062803257414343954,2,205.23087243496553
55,2020-05-27 14:00:00,LONG,205.37,206.81228663611552,204.408475575923,WIN,0.007022869144059559,3,206.81228663611552
56,2020-06-03 00:00:00,SHORT,237.91,233.76731353995555,240.67179097336296,LOSS,-0.011608553542780729,11,240.67179097336296
57,2020-06-03 20:00:00,LONG,241.6,244.01118524284144,239.99254317143902,WIN,0.009980071369376824,4,244.01118524284144
58,2020-06-06 00:00:00,SHORT,239.37,237.0285406929785,240.93097287134768,LOSS,-0.006521171706344457,1,240.93097287134768
59,2020-06-07 03:00:00,LONG,242.71,244.2641821528999,241.6738785647334,LOSS,-0.00426896887341522,4,241.6738785647334
60,2020-06-07 08:00:00,SHORT,239.88,238.33529228787552,240.9098051414163,LOSS,-0.004293001256529591,1,240.9098051414163
61,2020-06-08 01:00:00,LONG,244.46,246.6074644527332,243.0283570315112,LOSS,-0.005856348558000499,7,243.0283570315112
62,2020-06-11 16:00:00,SHORT,227.7,224.17385396302728,230.05076402464846,LOSS,-0.010323952677419718,1,230.05076402464846
63,2020-06-16 11:00:00,LONG,234.71,236.86044831148564,233.27636779234294,LOSS,-0.006108100241391801,3,233.27636779234294
64,2020-06-17 20:00:00,SHORT,231.56,229.5027905862712,232.93147294248587,LOSS,-0.005922754113343695,3,232.93147294248587
65,2020-06-18 00:00:00,LONG,233.56,235.45613098879394,232.29591267413738,LOSS,-0.005412259487337809,12,232.29591267413738
66,2020-06-18 15:00:00,SHORT,231.24,229.90474902075792,232.13016731949472,WIN,0.005774307988419349,5,229.90474902075792
67,2020-06-22 02:00:00,LONG,233.01,234.4698874803794,232.03674167974702,WIN,0.006265342604950095,1,234.4698874803794
68,2020-06-24 16:00:00,SHORT,233.98,230.3237411278406,236.4175059147729,WIN,0.015626373502689906,11,230.3237411278406
69,2020-06-29 22:00:00,LONG,228.12,230.26423560363443,226.69050959757703,LOSS,-0.006266396643972343,6,226.69050959757703
70,2020-07-01 02:00:00,SHORT,225.49,224.30020704229764,226.2831953051349,LOSS,-0.003517651803338956,5,226.2831953051349
71,2020-07-01 08:00:00,LONG,228.47,229.71611718079555,227.63925521280296,LOSS,-0.003636121973112592,1,227.63925521280296
72,2020-07-02 22:00:00,SHORT,226.64,224.61712345644187,227.98858436237205,LOSS,-0.005950336932457049,10,227.98858436237205
73,2020-07-04 20:00:00,LONG,228.94,230.0588211988101,228.19411920079324,LOSS,-0.0032579750118230063,5,228.19411920079324
74,2020-07-05 10:00:00,SHORT,225.2,223.99022509578515,226.00651660280988,LOSS,-0.003581334825976434,10,226.00651660280988
75,2020-07-06 06:00:00,LONG,231.71,233.39569056845417,230.58620628769722,WIN,0.00727500137436521,1,233.39569056845417
76,2020-07-10 04:00:00,SHORT,237.0,234.6416362335677,238.57224251095485,LOSS,-0.006633934645379118,5,238.57224251095485
77,2020-07-13 01:00:00,LONG,241.84,243.3406309879645,240.839579341357,WIN,0.006205057012754237,7,243.3406309879645
78,2020-07-14 04:00:00,SHORT,237.96,236.36747885079296,239.02168076613805,LOSS,-0.0044615934028325735,5,239.02168076613805
79,2020-07-18 19:00:00,LONG,235.77,236.784079566904,235.09394695539734,LOSS,-0.0028674260703340873,6,235.09394695539734
80,2020-07-19 15:00:00,SHORT,233.75,232.96088400823623,234.2760773278425,LOSS,-0.002250598193978612,1,234.2760773278425
81,2020-07-19 17:00:00,LONG,234.86,235.65122756432692,234.3325149571154,WIN,0.003368932829459689,4,235.65122756432692
82,2020-08-07 14:00:00,SHORT,384.79,379.97903469142074,387.99731020571954,WIN,0.012502833515889924,2,379.97903469142074
83,2020-08-08 23:00:00,LONG,396.35,401.1207373460527,393.1695084359649,LOSS,-0.008024452034906399,9,393.1695084359649
84,2020-08-11 12:00:00,SHORT,387.0,383.00373840598274,389.6641743960115,WIN,0.010326257348881797,3,383.00373840598274
85,2020-08-13 01:00:00,LONG,391.41,397.22266205852515,387.53489196098326,LOSS,-0.009900380774678127,7,387.53489196098326
86,2020-08-16 13:00:00,SHORT,421.72,416.2828744545091,425.34475036366064,LOSS,-0.008595158787016527,2,425.34475036366064
87,2020-08-16 15:00:00,LONG,431.65,437.4284653938161,427.79768973745587,LOSS,-0.008924615458227982,5,427.79768973745587
88,2020-08-17 06:00:00,SHORT,423.92,418.57711111262637,427.4819259249158,LOSS,-0.008402354040658104,2,427.4819259249158
89,2020-08-17 14:00:00,LONG,430.2,435.9079426322939,426.39470491180407,WIN,0.013268113975578585,1,435.9079426322939
90,2020-08-18 14:00:00,SHORT,423.57,417.13448344097714,427.8603443726819,WIN,0.015193513608194296,2,417.13448344097714
91,2020-08-24 08:00:00,LONG,405.0,408.99418735799435,402.33720842800375,LOSS,-0.0065747940049290165,6,402.33720842800375
92,2020-08-25 13:00:00,SHORT,389.91,385.1548682245557,393.08008785029625,WIN,0.012195459914965864,1,385.1548682245557
93,2020-08-28 09:00:00,LONG,391.77,396.57830835568825,388.5644610962078,WIN,0.012273293911448728,6,396.57830835568825
94,2020-09-02 17:00:00,SHORT,430.96,416.4228950509331,440.6514032993779,LOSS,-0.022487941570860166,5,440.6514032993779
95,2020-09-09 15:00:00,LONG,353.0,360.0426076849228,348.30492821005146,LOSS,-0.013300486657078024,5,348.30492821005146
96,2020-09-13 17:00:00,SHORT,359.44,353.30519635475224,363.5298690968318,LOSS,-0.011378447298107665,2,363.5298690968318
97,2020-09-14 16:00:00,LONG,379.4,387.55308095108705,373.9646126992753,LOSS,-0.014326271219622296,3,373.9646126992753
98,2020-09-15 16:00:00,SHORT,368.05,361.0098981564663,372.7434012290225,WIN,0.01912811260299879,8,361.0098981564663
99,2020-09-17 01:00:00,LONG,379.45,385.8704178466717,375.16972143555216,WIN,0.01692032638469295,17,385.8704178466717
100,2020-09-20 10:00:00,SHORT,379.91,376.84745939834704,381.95169373443537,WIN,0.00806122661065248,2,376.84745939834704
101,2020-09-24 21:00:00,LONG,346.11,352.07557507603406,342.1329499493106,WIN,0.01723606678811373,1,352.07557507603406
102,2020-09-29 17:00:00,SHORT,353.79,350.20937379614793,356.1770841359014,LOSS,-0.0067471780884179175,2,356.1770841359014
103,2020-09-29 23:00:00,LONG,359.61,363.00286675053934,357.34808883297376,LOSS,-0.006289900634093199,2,357.34808883297376
104,2020-09-30 04:00:00,SHORT,354.17,351.0770997493455,356.23193350043636,LOSS,-0.005821875089466469,1,356.23193350043636
105,2020-09-30 22:00:00,LONG,359.22,361.91797957550074,357.4213469496662,WIN,0.007510660808141835,4,361.91797957550074
106,2020-10-01 20:00:00,SHORT,351.5,345.0560566214752,355.79596225234985,WIN,0.018332698089686506,9,345.0560566214752
107,2020-10-04 19:00:00,LONG,352.58,355.04104254466785,350.9393049702214,LOSS,-0.004653397894885168,3,350.9393049702214
108,2020-10-06 13:00:00,SHORT,345.47,342.97331281865587,347.13445812089617,LOSS,-0.004817952704709938,2,347.13445812089617
109,2020-10-08 17:00:00,LONG,350.28,353.70565178875137,347.9962321408324,WIN,0.00977975273710002,17,353.70565178875137
110,2020-10-14 18:00:00,SHORT,375.97,371.6356601739181,378.85955988405465,LOSS,-0.007685612905430273,5,378.85955988405465
111,2020-10-18 12:00:00,LONG,373.32,375.27147311781596,372.019017921456,WIN,0.005227346827965191,2,375.27147311781596
112,2020-10-20 13:00:00,SHORT,369.84,366.536939599044,372.04204026730395,LOSS,-0.005954034899697089,2,372.04204026730395
113,2020-10-21 06:00:00,LONG,380.55,384.2194893438777,378.10367377074823,LOSS,-0.006428396345425781,1,378.10367377074823
114,2020-10-25 15:00:00,SHORT,407.61,403.8914615418982,410.08902563873454,WIN,0.009122785157630623,1,403.8914615418982
115,2020-10-27 19:00:00,LONG,407.17,411.45941656906405,404.31038895395733,LOSS,-0.007023137868808328,1,404.31038895395733
116,2020-10-28 09:00:00,SHORT,395.01,390.2944072452552,398.1537285031632,WIN,0.011937907280182321,2,390.2944072452552
117,2020-10-31 13:00:00,LONG,391.69,395.3349607049017,389.2600261967322,LOSS,-0.006203818844667429,2,389.2600261967322
118,2020-11-02 14:00:00,SHORT,384.97,380.21427471306896,388.1404835246207,WIN,0.012353495822872086,12,380.21427471306896
119,2020-11-04 16:00:00,LONG,401.25,406.5048339569491,397.7467773620339,WIN,0.013096159394265632,1,406.5048339569491
120,2020-11-10 16:00:00,SHORT,445.1,439.3085520434904,448.96096530433977,LOSS,-0.008674377228352601,4,448.96096530433977
121,2020-11-10 20:00:00,LONG,450.69,456.09414554055263,447.0872363062982,WIN,0.011990826378558729,4,456.09414554055263
122,2020-11-14 14:00:00,SHORT,461.0,454.99545425452834,465.0030304969811,WIN,0.013025045001023123,3,454.99545425452834
123,2020-11-16 19:00:00,LONG,462.37,466.72481840064614,459.46678773290256,LOSS,-0.00627898061530256,2,459.46678773290256
124,2020-11-20 00:00:00,SHORT,471.03,466.1345995743815,474.2936002837456,LOSS,-0.00692864633621135,1,474.2936002837456
125,2020-11-20 01:00:00,LONG,479.04,484.44394325236004,475.43737116509334,WIN,0.011280776662408197,2,484.44394325236004
126,2020-11-25 21:00:00,SHORT,577.01,565.4661977390252,584.7058681739832,WIN,0.020006242978414166,1,565.4661977390252
127,2020-11-28 18:00:00,LONG,542.39,551.7825471915772,536.1283018722818,LOSS,-0.011544641545231668,2,536.1283018722818
128,2020-12-04 14:00:00,SHORT,593.97,583.4378301580539,600.9914465612974,WIN,0.017731821206367564,2,583.4378301580539
129,2020-12-06 01:00:00,LONG,603.75,611.0359380704849,598.89270795301,LOSS,-0.00804520421861695,2,598.89270795301
130,2020-12-06 13:00:00,SHORT,587.22,579.1770743726702,592.5819504182199,LOSS,-0.009131075948060117,1,592.5819504182199
131,2020-12-06 15:00:00,LONG,594.31,602.2044358725445,589.0470427516369,WIN,0.013283363686534959,8,602.2044358725445
132,2020-12-07 18:00:00,SHORT,586.46,580.432837694128,590.4781082039148,LOSS,-0.006851461657938685,4,590.4781082039148
133,2020-12-12 12:00:00,LONG,558.47,564.9012207743066,554.1825194837957,LOSS,-0.007677190388390367,2,554.1825194837957
134,2020-12-12 14:00:00,SHORT,551.6,545.2204524956235,555.8530316695844,LOSS,-0.007710354730936189,3,555.8530316695844
135,2020-12-12 18:00:00,LONG,563.62,570.2680162242946,559.1879891838037,WIN,0.01179520993629496,2,570.2680162242946
136,2020-12-20 21:00:00,SHORT,633.44,623.0787703547835,640.3474864301445,WIN,0.016357081405052654,1,623.0787703547835
137,2020-12-25 05:00:00,LONG,610.25,620.3475896713643,603.5182735524238,WIN,0.016546644279171307,4,620.3475896713643
138,2021-01-01 18:00:00,SHORT,724.86,713.8188921309228,732.2207385793848,LOSS,-0.010154703776432435,5,732.2207385793848
139,2021-01-02 13:00:00,LONG,766.24,779.8864394065525,757.142373728965,LOSS,-0.011873076674455762,1,757.142373728965
140,2021-01-11 03:00:00,SHORT,1096.71,1023.6432937284071,1145.4211375143952,LOSS,-0.0444156955935436,7,1145.4211375143952
141,2021-01-13 23:00:00,LONG,1130.13,1169.283011607529,1104.0279922616476,LOSS,-0.023096464776930562,4,1104.0279922616476
142,2021-01-21 07:00:00,SHORT,1308.07,1257.040437922417,1342.0897080517218,WIN,0.03901133890203355,2,1257.040437922417
143,2021-01-23 07:00:00,LONG,1258.23,1299.74356590963,1230.5542893935801,LOSS,-0.02199574847716228,4,1230.5542893935801
144,2021-01-23 15:00:00,SHORT,1231.31,1192.8444846037205,1256.953676930853,LOSS,-0.020826336934527425,1,1256.953676930853
145,2021-01-23 16:00:00,LONG,1247.58,1286.2358357251164,1221.8094428499223,WIN,0.03098465487192525,11,1286.2358357251164
146,2021-01-26 09:00:00,SHORT,1314.03,1262.6137215403191,1348.3075189731205,WIN,0.03912869451966913,4,1262.6137215403191
147,2021-01-28 15:00:00,LONG,1344.78,1388.190353074534,1315.8397646169774,LOSS,-0.021520423699804118,12,1315.8397646169774
148,2021-01-31 15:00:00,SHORT,1313.63,1287.7571378309874,1330.878574779342,WIN,0.01969569983101231,2,1287.7571378309874
149,2021-02-02 00:00:00,LONG,1377.9,1405.6316505035556,1359.4122329976299,WIN,0.020126025476127116,6,1405.6316505035556
150,2021-02-07 05:00:00,SHORT,1619.98,1579.9143625493298,1646.6904249671136,LOSS,-0.016488120203405947,3,1646.6904249671136
151,2021-02-08 13:00:00,LONG,1680.5,1729.8348612760428,1647.610092482638,WIN,0.02935725157753218,2,1729.8348612760428
152,2021-02-11 05:00:00,SHORT,1720.64,1680.083699571049,1747.677533619301,LOSS,-0.01571364935099777,3,1747.677533619301
153,2021-02-11 09:00:00,LONG,1767.87,1805.3304452975653,1742.896369801623,WIN,0.021189592728857586,4,1805.3304452975653
154,2021-02-15 01:00:00,SHORT,1754.9,1723.2478872269396,1776.0014085153737,WIN,0.01803641960969883,1,1723.2478872269396
155,2021-02-15 20:00:00,LONG,1828.04,1862.5000968491,1805.0666021006,LOSS,-0.012567229327257593,1,1805.0666021006
156,2021-02-15 21:00:00,SHORT,1789.52,1753.2324100686928,1813.7117266208713,WIN,0.020277834241197158,3,1753.2324100686928
157,2021-02-16 04:00:00,LONG,1810.58,1846.7223189874103,1786.4851206750598,LOSS,-0.013307823639353228,2,1786.4851206750598
158,2021-02-16 13:00:00,SHORT,1777.09,1742.2974125253795,1800.2850583164136,WIN,0.019578404849850264,5,1742.2974125253795
159,2021-02-17 12:00:00,LONG,1826.23,1859.3194533389888,1804.1703644406741,LOSS,-0.012079330401606532,4,1804.1703644406741
160,2021-02-21 09:00:00,SHORT,1939.98,1894.3045678135254,1970.4302881243166,LOSS,-0.015696186622705676,1,1970.4302881243166
161,2021-02-21 10:00:00,LONG,1970.57,2016.5754013160122,1939.8997324559919,LOSS,-0.015564160392174895,2,1939.8997324559919
162,2021-02-21 21:00:00,SHORT,1919.41,1881.5549011016515,1944.6467325988992,WIN,0.019722257828368412,1,1881.5549011016515
163,2021-03-01 10:00:00,LONG,1522.83,1566.792436184455,1493.5217092103633,LOSS,-0.01924593735980816,6,1493.5217092103633
164,2021-03-04 21:00:00,SHORT,1516.5,1474.5637913579412,1544.4574724280392,LOSS,-0.018435524185980337,2,1544.4574724280392
165,2021-03-06 05:00:00,LONG,1572.49,1605.2609980489729,1550.6426679673514,LOSS,-0.013893463254232864,7,1550.6426679673514
166,2021-03-11 08:00:00,SHORT,1745.69,1700.6244753283627,1775.733683114425,LOSS,-0.017210205199333785,3,1775.733683114425
167,2021-03-11 21:00:00,LONG,1840.06,1880.8625417680303,1812.8583054879796,LOSS,-0.014783047570198998,3,1812.8583054879796
168,2021-03-12 11:00:00,SHORT,1775.47,1742.285091573974,1797.5932722840173,WIN,0.018690773950574294,2,1742.285091573974
169,2021-03-13 11:00:00,LONG,1873.41,1909.5493451097761,1849.3171032601492,WIN,0.01929067588503107,6,1909.5493451097761
170,2021-03-15 08:00:00,SHORT,1790.37,1753.0523430041649,1815.2484379972232,WIN,0.0208435446281132,1,1753.0523430041649
171,2021-03-17 21:00:00,LONG,1821.42,1848.935943453915,1803.0760376973901,LOSS,-0.010071242383750015,11,1803.0760376973901
172,2021-03-18 21:00:00,SHORT,1779.26,1751.9990434417655,1797.433971038823,WIN,0.015321513751916252,3,1751.9990434417655
173,2021-03-19 12:00:00,LONG,1813.7,1838.8300740968887,1796.946617268741,WIN,0.013855695041566201,16,1838.8300740968887
174,2021-03-21 04:00:00,SHORT,1769.82,1748.8374812532386,1783.8083458311742,LOSS,-0.007903824022315393,2,1783.8083458311742
175,2021-03-26 18:00:00,LONG,1658.09,1682.0409284933535,1642.1227143377644,WIN,0.014444890502538197,3,1682.0409284933535
176,2021-04-05 07:00:00,SHORT,2029.06,2000.7411243381343,2047.9392504412438,LOSS,-0.009304431826187403,4,2047.9392504412438
177,2021-04-05 12:00:00,LONG,2063.55,2090.7365577421633,2045.4256281718915,WIN,0.013174654232833287,2,2090.7365577421633
178,2021-04-07 10:00:00,SHORT,2005.9,1966.7025459850145,2032.0316360099905,LOSS,-0.01302738721271769,1,2032.0316360099905
179,2021-04-08 22:00:00,LONG,2069.3,2100.1881306672035,2048.707912888531,WIN,0.014926849981734554,28,2100.1881306672035
180,2021-04-17 16:00:00,SHORT,2352.77,2300.8981073208597,2387.3512617860933,LOSS,-0.01469810554626817,4,2387.3512617860933
181,2021-04-20 19:00:00,LONG,2323.12,2390.224439280213,2278.3837071465246,LOSS,-0.019256987522588302,9,2278.3837071465246
182,2021-04-23 05:00:00,SHORT,2230.35,2093.95791546546,2321.2780563563597,WIN,0.061152771777765874,2,2093.95791546546
183,2021-04-25 16:00:00,LONG,2348.77,2406.929091530516,2309.997272312989,LOSS,-0.01650767324472424,2,2309.997272312989
184,2021-04-25 20:00:00,SHORT,2214.09,2150.6796356152886,2256.3635762564745,LOSS,-0.019092980076001593,2,2256.3635762564745
185,2021-04-26 00:00:00,LONG,2413.85,2492.646988291122,2361.3186744725854,WIN,0.032643697119175606,10,2492.646988291122
186,2021-05-13 02:00:00,SHORT,3985.43,3752.1304110370857,4140.963059308609,WIN,0.0585381223513935,7,3752.1304110370857
187,2021-05-14 15:00:00,LONG,4129.63,4273.12716873749,4033.9652208416737,LOSS,-0.023165460140091576,4,4033.9652208416737
188,2021-05-15 13:00:00,SHORT,3882.88,3762.8301911488393,3962.913205900774,WIN,0.03091772314652032,3,3762.8301911488393
189,2021-05-24 15:00:00,LONG,2508.32,2651.3065633421065,2412.9956244385958,WIN,0.057004912986423725,4,2651.3065633421065
190,2021-05-28 06:00:00,SHORT,2552.92,2462.874226731059,2612.9505155126276,WIN,0.03527167841880711,2,2462.874226731059
191,2021-05-31 11:00:00,LONG,2556.18,2634.1239144713554,2504.2173903524294,WIN,0.03049234188177499,4,2634.1239144713554
192,2021-06-04 09:00:00,SHORT,2650.0,2567.5518429674726,2704.965438021685,WIN,0.0311125120877462,3,2567.5518429674726
193,2021-06-05 03:00:00,LONG,2765.03,2830.9188919921844,2721.104072005211,LOSS,-0.01588623920709329,6,2721.104072005211
194,2021-06-05 13:00:00,SHORT,2624.0,2547.768442236046,2674.8210385093025,LOSS,-0.01936777382214273,12,2674.8210385093025
195,2021-06-06 16:00:00,LONG,2726.79,2782.118884385059,2689.9040770766273,LOSS,-0.013527232725429028,1,2689.9040770766273
196,2021-06-07 22:00:00,SHORT,2624.32,2551.6960317572148,2672.735978828524,WIN,0.027673442355652278,4,2551.6960317572148
197,2021-06-10 02:00:00,LONG,2572.64,2639.336410094979,2528.175726603347,LOSS,-0.017283519418439024,3,2528.175726603347
198,2021-06-10 06:00:00,SHORT,2537.89,2477.0740453529074,2578.4339697647283,LOSS,-0.01597546377688885,4,2578.4339697647283
199,2021-06-10 10:00:00,LONG,2579.6,2642.1593902456166,2537.8937398362555,LOSS,-0.016167723741566307,2,2537.8937398362555
200,2021-06-10 14:00:00,SHORT,2519.99,2459.1044527070735,2560.580364861951,WIN,0.024161027342539568,3,2459.1044527070735
201,2021-06-13 20:00:00,LONG,2524.77,2575.891074540085,2490.6892836399434,LOSS,-0.01349854298017507,4,2490.6892836399434
202,2021-06-16 11:00:00,SHORT,2465.88,2430.234562447473,2489.6436250350184,WIN,0.014455463182526017,1,2430.234562447473
203,2021-06-24 17:00:00,LONG,2023.38,2068.790642725374,1993.1062381830843,LOSS,-0.01496197541584665,4,1993.1062381830843
204,2021-06-25 09:00:00,SHORT,1905.38,1863.2580550266032,1933.4612966489315,WIN,0.022106847439039415,2,1863.2580550266032
205,2021-06-27 22:00:00,LONG,1955.36,2001.8114458952248,1924.3923694031835,WIN,0.0237559558829192,9,2001.8114458952248
206,2021-07-01 16:00:00,SHORT,2081.98,2025.4834285619374,2119.6443809587086,LOSS,-0.01809065454937537,2,2119.6443809587086
207,2021-07-03 02:00:00,LONG,2142.0,2182.4731278183376,2115.0179147877748,LOSS,-0.012596678437079938,1,2115.0179147877748
208,2021-07-05 17:00:00,SHORT,2211.2,2163.906783429604,2242.728811046931,LOSS,-0.01425868806391596,2,2242.728811046931
209,2021-07-06 05:00:00,LONG,2320.33,2370.230690275291,2287.062873149806,LOSS,-0.014337239466021652,4,2287.062873149806
210,2021-07-08 04:00:00,SHORT,2243.72,2203.872942841318,2270.284704772454,WIN,0.017759371560926395,3,2203.872942841318
211,2021-07-11 21:00:00,LONG,2164.39,2192.1532153237536,2145.8811897841642,LOSS,-0.008551513459143519,2,2145.8811897841642
212,2021-07-12 12:00:00,SHORT,2109.31,2084.6250624594572,2125.7666250270286,WIN,0.011702849529250185,4,2084.6250624594572
213,2021-07-18 01:00:00,LONG,1977.03,2012.0374540988446,1953.691697267437,LOSS,-0.011804728675115238,12,1953.691697267437
214,2021-07-18 22:00:00,SHORT,1884.85,1854.730488674725,1904.92967421685,LOSS,-0.010653194798976036,2,1904.92967421685
215,2021-07-21 09:00:00,LONG,1892.09,1926.660961851933,1869.042692098711,WIN,0.018271309426049043,5,1926.660961851933
216,2021-08-03 06:00:00,SHORT,2463.59,2408.693052423952,2500.187965050699,LOSS,-0.01485554213594746,2,2500.187965050699
217,2021-08-04 14:00:00,LONG,2639.01,2689.357137914505,2605.4452413903305,WIN,0.01907803983861556,1,2689.357137914505
218,2021-08-09 05:00:00,SHORT,2930.89,2858.9083073154848,2978.87779512301,LOSS,-0.016373113669571386,4,2978.87779512301
219,2021-08-09 11:00:00,LONG,3128.21,3205.0325844653444,3076.9949436897705,LOSS,-0.01637200070015426,9,3076.9949436897705
220,2021-08-12 12:00:00,SHORT,3100.0,3041.628011472919,3138.9146590180544,WIN,0.018829673718413275,2,3041.628011472919
221,2021-08-13 09:00:00,LONG,3225.07,3284.1450121940106,3185.6866585373264,LOSS,-0.012211623767134914,6,3185.6866585373264
222,2021-08-15 09:00:00,SHORT,3163.96,3114.642199591018,3196.838533605988,WIN,0.01558736532983408,8,3114.642199591018
223,2021-08-15 23:00:00,LONG,3307.7,3358.8618847941634,3273.592076803891,LOSS,-0.010311673729814952,4,3273.592076803891
224,2021-08-16 20:00:00,SHORT,3162.69,3111.350210920645,3196.916526052903,LOSS,-0.010821966760227198,2,3196.916526052903
225,2021-08-19 22:00:00,LONG,3163.09,3214.2829260944727,3128.9613826036853,WIN,0.016184467117430285,2,3214.2829260944727
226,2021-08-22 16:00:00,SHORT,3179.31,3138.46912902252,3206.5372473183197,WIN,0.012845828490295027,2,3138.46912902252
227,2021-08-23 03:00:00,LONG,3339.81,3390.008925119232,3306.3440499205117,LOSS,-0.010020315550731409,4,3306.3440499205117
228,2021-08-24 16:00:00,SHORT,3165.58,3117.5397537887957,3197.606830807469,LOSS,-0.01011720784420839,1,3197.606830807469
229,2021-08-27 16:00:00,LONG,3233.85,3279.882585517142,3203.1616096552384,WIN,0.014234607516471777,7,3279.882585517142
230,2021-08-29 12:00:00,SHORT,3197.09,3162.1400692753896,3220.3899538164073,LOSS,-0.007287862968013786,7,3220.3899538164073
231,2021-08-29 21:00:00,LONG,3239.79,3272.1988824571345,3218.1840783619105,LOSS,-0.006668926577984843,3,3218.1840783619105
232,2021-08-30 02:00:00,SHORT,3196.11,3160.573295066496,3219.801136622336,WIN,0.011118736505784875,1,3160.573295066496
233,2021-08-30 17:00:00,LONG,3291.29,3334.1917680150186,3262.688821323321,WIN,0.013034940104037827,2,3334.1917680150186
234,2021-09-07 08:00:00,SHORT,3754.64,3703.06256251298,3789.0249583246796,WIN,0.013736986099072023,1,3703.06256251298
235,2021-09-12 11:00:00,LONG,3435.83,3491.4956610176037,3398.7195593215974,LOSS,-0.010801011888947498,4,3398.7195593215974
236,2021-09-13 04:00:00,SHORT,3265.0,3197.6250271710687,3309.9166485526207,WIN,0.020635520008861034,3,3197.6250271710687
237,2021-09-14 12:00:00,LONG,3352.53,3414.3617775268926,3311.308814982072,WIN,0.01844331818861947,10,3414.3617775268926
238,2021-09-17 14:00:00,SHORT,3470.46,3408.6481198135357,3511.6679201243096,WIN,0.017810860861806315,4,3408.6481198135357
239,2021-09-23 02:00:00,LONG,3075.21,3148.7862447055427,3026.1591701963052,WIN,0.02392560010716102,6,3148.7862447055427
240,2021-09-24 10:00:00,SHORT,2835.58,2756.293612530881,2888.437591646079,WIN,0.0279612592376582,1,2756.293612530881
241,2021-09-26 15:00:00,LONG,3048.0,3139.9252868750555,2986.7164754166297,WIN,0.03015921485402082,9,3139.9252868750555
242,2021-09-28 01:00:00,SHORT,2939.34,2871.4942021236507,2984.5705319175663,WIN,0.02308198366856147,13,2871.4942021236507
243,2021-09-30 04:00:00,LONG,3018.48,3075.7809102904635,2980.279393139691,LOSS,-0.012655577264155836,4,2980.279393139691
244,2021-10-10 01:00:00,SHORT,3507.68,3460.686591414403,3539.0089390570643,LOSS,-0.008931527122503882,2,3539.0089390570643
245,2021-10-11 15:00:00,LONG,3593.71,3646.1969285064215,3558.718714329052,LOSS,-0.0097368139529756,2,3558.718714329052
246,2021-10-11 20:00:00,SHORT,3492.67,3438.3012456659894,3528.9158362226735,LOSS,-0.010377687048210526,1,3528.9158362226735
247,2021-10-13 21:00:00,LONG,3576.49,3628.280115797595,3541.9632561349363,WIN,0.014480710360603628,3,3628.280115797595
248,2021-10-17 20:00:00,SHORT,3700.7,3644.413821044368,3738.2241193037544,LOSS,-0.010139735537534672,1,3738.2241193037544
249,2021-10-18 02:00:00,LONG,3867.75,3926.294881831849,3828.7200787787674,LOSS,-0.010091117890564954,6,3828.7200787787674
250,2021-10-18 10:00:00,SHORT,3787.53,3729.22222388454,3826.4018507436404,WIN,0.015394670435735162,1,3729.22222388454
251,2021-10-19 22:00:00,LONG,3876.53,3929.7216463598716,3841.0689024267526,LOSS,-0.009147639144608082,7,3841.0689024267526
252,2021-10-22 18:00:00,SHORT,3965.2,3884.6887053248615,4018.874196450092,LOSS,-0.01353631505348836,8,4018.874196450092
253,2021-10-23 18:00:00,LONG,4112.38,4170.4404737689865,4073.673017487343,LOSS,-0.009412306866743176,2,4073.673017487343
254,2021-10-24 16:00:00,SHORT,4022.78,3964.5011160568965,4061.632589295403,LOSS,-0.009658144192673374,4,4061.632589295403
255,2021-10-25 00:00:00,LONG,4129.77,4186.546135453765,4091.9192430308244,WIN,0.013748013921783597,15,4186.546135453765
256,2021-10-27 09:00:00,SHORT,4013.91,3916.3859732492783,4078.926017833814,WIN,0.024296515554838433,14,3916.3859732492783
257,2021-10-28 14:00:00,LONG,4185.22,4258.680170133523,4136.246553244318,LOSS,-0.011701522681168931,4,4136.246553244318
258,2021-10-31 11:00:00,SHORT,4208.2,4148.109999403099,4248.260000397933,LOSS,-0.009519509623576217,6,4248.260000397933
259,2021-11-01 12:00:00,LONG,4345.25,4410.177584949907,4301.964943366728,LOSS,-0.009961465193779823,4,4301.964943366728
260,2021-11-05 12:00:00,SHORT,4498.73,4446.152903651571,4533.781397565618,WIN,0.01168709754718072,8,4446.152903651571
261,2021-11-07 02:00:00,LONG,4546.9,4595.713183442943,4514.357877704704,WIN,0.010735486472749177,8,4595.713183442943
262,2021-11-10 21:00:00,SHORT,4555.17,4462.9782756465975,4616.631149568935,LOSS,-0.013492613792445741,1,4616.631149568935
263,2021-11-11 19:00:00,LONG,4757.48,4824.812758127531,4712.591494581645,LOSS,-0.009435353468297235,5,4712.591494581645
264,2021-11-12 10:00:00,SHORT,4606.06,4537.996292079413,4651.435805280392,WIN,0.0147769911639421,6,4537.996292079413
265,2021-11-15 04:00:00,LONG,4704.9,4755.744469846087,4671.003686769275,LOSS,-0.007204470494744723,4,4671.003686769275
266,2021-11-15 20:00:00,SHORT,4562.47,4506.817168625832,4599.57188758278,WIN,0.012197961054904092,4,4506.817168625832
267,2021-11-19 19:00:00,LONG,4293.72,4362.86459844448,4247.623601037014,LOSS,-0.010735772002595956,20,4247.623601037014
268,2021-11-22 03:00:00,SHORT,4164.67,4094.070709134699,4211.736193910201,LOSS,-0.011301302122425316,4,4211.736193910201
269,2021-11-23 18:00:00,LONG,4320.32,4408.069634223133,4261.820243851244,LOSS,-0.013540607211677677,8,4261.820243851244
270,2021-11-26 10:00:00,SHORT,4050.0,3954.58797626029,4113.608015826473,WIN,0.023558524380175333,2,3954.58797626029
271,2021-11-28 23:00:00,LONG,4290.46,4371.481761857188,4236.4454920952085,WIN,0.018884166699418666,1,4371.481761857188
272,2021-12-02 13:00:00,SHORT,4530.76,4451.899938654427,4583.333374230382,LOSS,-0.011603654625356868,1,4583.333374230382
273,2021-12-02 14:00:00,LONG,4592.38,4674.408985535175,4537.694009643216,LOSS,-0.011907984608587226,1,4537.694009643216
274,2021-12-02 15:00:00,SHORT,4547.12,4457.538084860194,4606.84127675987,WIN,0.01970080295655392,3,4457.538084860194
275,2021-12-03 12:00:00,LONG,4595.18,4660.017483165012,4551.955011223326,LOSS,-0.0094065931642882,2,4551.955011223326
276,2021-12-03 15:00:00,SHORT,4469.64,4395.017558121892,4519.388294585406,WIN,0.01669540318193601,1,4395.017558121892
277,2021-12-06 22:00:00,LONG,4327.05,4437.74707606674,4253.2519492888405,LOSS,-0.017055049216246565,22,4253.2519492888405
278,2021-12-09 15:00:00,SHORT,4202.84,4122.906673229348,4256.128884513769,WIN,0.019018884080919677,3,4122.906673229348
279,2021-12-12 20:00:00,LONG,4145.01,4201.405062219491,4107.413291853673,LOSS,-0.009070354027210265,4,4107.413291853673
280,2021-12-13 02:00:00,SHORT,3978.48,3912.1797448605603,4022.68017009296,LOSS,-0.011109813318895653,3,4022.68017009296
281,2021-12-15 21:00:00,LONG,4061.74,4165.326357499861,3992.682428333426,LOSS,-0.017001967547547098,8,3992.682428333426
282,2021-12-17 10:00:00,SHORT,3814.85,3752.8852608385714,3856.1598261076188,WIN,0.01624303423763149,4,3752.8852608385714
283,2021-12-18 14:00:00,LONG,3961.99,4037.637244337264,3911.558503775157,LOSS,-0.012728829761014719,11,3911.558503775157
284,2021-12-20 03:00:00,SHORT,3905.65,3844.449310489701,3946.450459673533,WIN,0.015669783393365784,2,3844.449310489701
285,2021-12-21 03:00:00,LONG,4004.95,4074.4565162443487,3958.6123225037672,LOSS,-0.011570101373608303,33,3958.6123225037672
286,2021-12-23 04:00:00,SHORT,3947.0,3899.62612279003,3978.582584806647,WIN,0.012002502460088682,4,3899.62612279003
287,2021-12-23 18:00:00,LONG,4094.15,4145.54867215397,4059.88421856402,WIN,0.012554174164104877,1,4145.54867215397
288,2021-12-26 07:00:00,SHORT,4037.15,3999.891952868975,4061.9886980873503,LOSS,-0.006152532872781583,8,4061.9886980873503
289,2021-12-26 19:00:00,LONG,4075.98,4105.848160202448,4056.0678931983684,LOSS,-0.004885231723814047,2,4056.0678931983684
290,2021-12-28 01:00:00,SHORT,3986.77,3947.6688637795855,4012.837424146943,WIN,0.009807723099254395,2,3947.6688637795855
291,2022-01-01 23:00:00,LONG,3766.26,3806.62191053979,3739.3520596401404,LOSS,-0.007144472330603787,5,3739.3520596401404
292,2022-01-03 21:00:00,SHORT,3727.07,3684.26143451048,3755.6090436596805,LOSS,-0.00765723307039588,1,3755.6090436596805
293,2022-01-04 11:00:00,LONG,3838.54,3877.2490795977124,3812.733946934858,WIN,0.010084323622448219,3,3877.2490795977124
294,2022-01-05 19:00:00,SHORT,3653.21,3603.6293062534196,3686.263795831054,WIN,0.013571815949967408,1,3603.6293062534196
295,2022-01-11 17:00:00,LONG,3231.98,3292.7169717924457,3191.488685471703,WIN,0.01879249617647564,19,3292.7169717924457
296,2022-01-14 08:00:00,SHORT,3255.23,3215.4081810595285,3281.777879293648,WIN,0.01223318135445776,3,3215.4081810595285
297,2022-01-14 21:00:00,LONG,3330.48,3375.3812922290217,3300.545805180652,LOSS,-0.00898795213283004,2,3300.545805180652
298,2022-01-17 04:00:00,SHORT,3260.0,3223.8865907376753,3284.075606174883,LOSS,-0.007385155268369012,3,3284.075606174883
299,2022-01-20 15:00:00,LONG,3267.02,3307.7720599360814,3239.851960042612,LOSS,-0.00831584745651631,2,3239.851960042612
300,2022-01-20 23:00:00,SHORT,3004.5,2945.47089298336,3043.852738011093,WIN,0.01964689865756031,2,2945.47089298336
301,2022-01-25 19:00:00,LONG,2469.22,2540.700907449228,2421.5660617005146,LOSS,-0.019299186909017895,2,2421.5660617005146
302,2022-01-27 05:00:00,SHORT,2387.35,2307.5082469548975,2440.5778353634014,LOSS,-0.022295782086163105,4,2440.5778353634014
303,2022-01-28 20:00:00,LONG,2514.76,2581.7737434588857,2470.08417102741,WIN,0.02664816660790116,4,2581.7737434588857
304,2022-01-31 05:00:00,SHORT,2510.09,2465.0555311572252,2540.1129792285165,LOSS,-0.011960917428664432,4,2540.1129792285165
305,2022-01-31 15:00:00,LONG,2619.9,2666.7827233632506,2588.6448510911664,WIN,0.01789485223224189,1,2666.7827233632506
306,2022-02-03 00:00:00,SHORT,2696.62,2637.2405610163833,2736.2062926557446,WIN,0.022019950524588796,9,2637.2405610163833
307,2022-02-04 06:00:00,LONG,2796.71,2846.998103946779,2763.184597368814,WIN,0.01798116499271603,2,2846.998103946779
308,2022-02-11 00:00:00,SHORT,3040.34,2968.839464700245,3088.00702353317,LOSS,-0.015678188470095406,1,3088.00702353317
309,2022-02-15 01:00:00,LONG,3018.5,3069.2352186800595,2984.67652087996,WIN,0.01680808967369868,7,3069.2352186800595
310,2022-02-17 14:00:00,SHORT,2972.49,2905.282616859114,3017.2949220939236,WIN,0.022609792847372294,4,2905.282616859114
311,2022-02-23 08:00:00,LONG,2701.2,2754.0727511651394,2665.9514992232403,LOSS,-0.013049200642958522,9,2665.9514992232403
312,2022-02-24 00:00:00,SHORT,2561.33,2509.984969201035,2595.560020532643,WIN,0.02004623800875527,2,2509.984969201035
313,2022-02-25 04:00:00,LONG,2620.01,2701.0670867228528,2565.9719421847653,WIN,0.030937701277038078,8,2701.0670867228528
314,2022-02-27 21:00:00,SHORT,2605.55,2531.1189577774207,2655.170694815053,LOSS,-0.01904423051373144,4,2655.170694815053
315,2022-02-28 18:00:00,LONG,2810.16,2877.715659119183,2765.1228939205444,WIN,0.024039791015167473,4,2877.715659119183
316,2022-03-03 15:00:00,SHORT,2829.74,2778.978070161558,2863.5812865589605,WIN,0.017938725762240197,9,2778.978070161558
317,2022-03-09 02:00:00,LONG,2620.49,2668.2969356956255,2588.6187095362493,WIN,0.018243510067058346,1,2668.2969356956255
318,2022-03-10 10:00:00,SHORT,2590.87,2548.976103383575,2618.79926441095,LOSS,-0.010779878732221245,3,2618.79926441095
319,2022-03-15 18:00:00,LONG,2630.0,2668.818369633194,2604.121086911204,WIN,0.01475983636243115,8,2668.818369633194
320,2022-03-20 17:00:00,SHORT,2822.69,2789.120911207013,2845.069392528658,LOSS,-0.007928391898741333,2,2845.069392528658
321,2022-03-21 13:00:00,LONG,2917.21,2952.7650912029217,2893.506605864719,WIN,0.012188046524906205,2,2952.7650912029217
322,2022-03-31 17:00:00,SHORT,3294.56,3248.210006114129,3325.459995923914,WIN,0.01406864464021625,9,3248.210006114129
323,2022-04-01 17:00:00,LONG,3465.15,3515.8444985334054,3431.3536676443964,LOSS,-0.009753209054616302,6,3431.3536676443964
324,2022-04-04 17:00:00,SHORT,3436.8,3394.1032192493262,3465.2645205004496,LOSS,-0.008282274354181055,2,3465.2645205004496
325,2022-04-04 19:00:00,LONG,3492.89,3538.8145201370608,3462.2736532419594,WIN,0.01314800069199456,3,3538.8145201370608
326,2022-04-05 18:00:00,SHORT,3448.66,3410.938057927119,3473.8079613819204,WIN,0.010938144691816726,5,3410.938057927119
327,2022-04-10 04:00:00,LONG,3254.75,3281.3989117170995,3236.984058855267,LOSS,-0.0054584656716285445,5,3236.984058855267
328,2022-04-11 01:00:00,SHORT,3187.18,3155.9600667621253,3207.9932888252492,WIN,0.009795472247527456,2,3155.9600667621253
329,2022-04-13 20:00:00,LONG,3107.02,3149.1478712420007,3078.934752505333,LOSS,-0.009039287643680078,14,3078.934752505333
330,2022-04-14 16:00:00,SHORT,3013.14,2979.121837044476,3035.8187753036827,WIN,0.011289937724607579,2,2979.121837044476
331,2022-04-17 00:00:00,LONG,3056.65,3075.521602236436,3044.068931842376,LOSS,-0.004115966223684109,2,3044.068931842376
332,2022-04-17 23:00:00,SHORT,2990.07,2961.953039297322,3008.814640468452,WIN,0.009403445639292114,5,2961.953039297322
333,2022-04-19 02:00:00,LONG,3039.89,3078.1510617685026,3014.382625487665,WIN,0.012586331008195268,11,3078.1510617685026
334,2022-04-21 21:00:00,SHORT,3004.14,2966.258784337159,3029.3941437752273,WIN,0.012609670542265337,1,2966.258784337159
335,2022-04-25 22:00:00,LONG,3007.49,3050.0727129067936,2979.1015247288037,LOSS,-0.009439258408571951,14,2979.1015247288037
336,2022-04-26 17:00:00,SHORT,2858.82,2816.83363804576,2886.8109079694937,WIN,0.014686605646469605,2,2816.83363804576
337,2022-04-28 09:00:00,LONG,2941.97,2980.7225122028813,2916.1349918647456,LOSS,-0.00878153350824589,3,2916.1349918647456
338,2022-04-29 11:00:00,SHORT,2844.79,2807.7676706726284,2869.471552884914,LOSS,-0.008676054431052646,1,2869.471552884914
339,2022-05-02 04:00:00,LONG,2857.1,2889.833469556948,2835.2776869620343,LOSS,-0.007637924132149947,4,2835.2776869620343
340,2022-05-03 18:00:00,SHORT,2782.78,2753.658869230729,2802.194087179514,LOSS,-0.0069765080888585865,8,2802.194087179514
341,2022-05-04 11:00:00,LONG,2868.68,2897.1368228517254,2849.708784765516,LOSS,-0.006613221145085433,2,2849.708784765516
342,2022-05-05 17:00:00,SHORT,2744.27,2700.6554181055863,2773.346387929609,WIN,0.015892963117482513,2,2700.6554181055863
343,2022-05-15 14:00:00,LONG,2067.76,2104.1567898462636,2043.4954734358246,WIN,0.017602037879765223,6,2104.1567898462636
344,2022-05-16 11:00:00,SHORT,2032.6,1991.7168505424675,2059.855432971688,LOSS,-0.013409147383493138,1,2059.855432971688
345,2022-05-17 06:00:00,LONG,2088.66,2126.825828201279,2063.2161145324803,LOSS,-0.012181918295710898,8,2063.2161145324803
346,2022-05-18 06:00:00,SHORT,2022.0,1985.0456091845588,2046.6362605436275,LOSS,-0.012184105115542772,4,2046.6362605436275
347,2022-05-20 02:00:00,LONG,2028.35,2064.994167243399,2003.9205551710675,LOSS,-0.012043998732433973,4,2003.9205551710675
348,2022-05-20 17:00:00,SHORT,1939.87,1903.219673010158,1964.303551326561,LOSS,-0.012595458111399838,2,1964.303551326561
349,2022-05-22 10:00:00,LONG,2028.52,2046.3286735340255,2016.6475509773163,LOSS,-0.005852764095342253,1,2016.6475509773163
350,2022-05-24 01:00:00,SHORT,1986.56,1956.7095111368308,2006.4603259087794,WIN,0.015026220634246726,8,1956.7095111368308
351,2022-05-29 14:00:00,LONG,1807.01,1828.7638626174462,1792.5074249217025,LOSS,-0.008025730393466261,5,1792.5074249217025
352,2022-06-01 17:00:00,SHORT,1844.1,1808.624562226433,1867.7502918490445,WIN,0.019237263583084925,3,1808.624562226433
353,2022-06-05 15:00:00,LONG,1812.18,1827.5302296218154,1801.9465135854566,LOSS,-0.005647058468001771,1,1801.9465135854566
354,2022-06-07 03:00:00,SHORT,1755.32,1720.564796193311,1778.4901358711259,LOSS,-0.013199949793271838,11,1778.4901358711259
355,2022-06-19 19:00:00,LONG,1099.3,1148.9867268221092,1066.1755154519271,WIN,0.04519851434741128,1,1148.9867268221092
356,2022-06-22 07:00:00,SHORT,1074.62,1046.5087627515875,1093.3608248322748,LOSS,-0.017439490082331373,2,1093.3608248322748
357,2022-06-23 19:00:00,LONG,1124.72,1149.108376331757,1108.4610824454953,WIN,0.021683953634466305,3,1149.108376331757
358,2022-06-27 15:00:00,SHORT,1186.87,1164.9874970179499,1201.4583353213666,LOSS,-0.012291434884500144,3,1201.4583353213666
359,2022-06-28 13:00:00,LONG,1227.74,1248.8589282865648,1213.6607144756233,LOSS,-0.011467644227912018,1,1213.6607144756233
360,2022-06-28 14:00:00,SHORT,1201.79,1178.7359951624753,1217.1593365583497,WIN,0.01918305597277781,3,1178.7359951624753
361,2022-07-03 20:00:00,LONG,1085.06,1101.1247996928123,1074.350133538125,LOSS,-0.009870298842345106,2,1074.350133538125
362,2022-07-04 06:00:00,SHORT,1046.67,1032.0534979642803,1056.41433469048,LOSS,-0.00930984425891632,3,1056.41433469048
363,2022-07-04 11:00:00,LONG,1100.14,1117.2945796307874,1088.7036135794754,LOSS,-0.010395391877874399,3,1088.7036135794754
364,2022-07-10 03:00:00,SHORT,1189.83,1173.6827309605162,1200.5948460263223,WIN,0.013571072371249437,10,1173.6827309605162
365,2022-07-14 03:00:00,LONG,1112.09,1136.184300805612,1096.0271327962585,LOSS,-0.014443855446718758,4,1096.0271327962585
366,2022-07-21 06:00:00,SHORT,1474.54,1432.4688821174661,1502.5874119216892,LOSS,-0.019021126535522414,3,1502.5874119216892
367,2022-07-21 19:00:00,LONG,1577.02,1617.0076024643708,1550.361598357086,WIN,0.025356433313699803,13,1617.0076024643708
368,2022-07-23 12:00:00,SHORT,1519.56,1487.117956701173,1541.1880288658845,LOSS,-0.014233086463110714,10,1541.1880288658845
369,2022-07-24 06:00:00,LONG,1610.26,1641.729265298227,1589.280489801182,LOSS,-0.013028647671070469,4,1589.280489801182
370,2022-07-25 05:00:00,SHORT,1523.52,1486.3272923528334,1548.3151384314444,LOSS,-0.016274901826982553,5,1548.3151384314444
371,2022-07-27 17:00:00,LONG,1498.76,1529.5564921212535,1478.2290052524977,WIN,0.020547981078527282,1,1529.5564921212535
372,2022-08-01 03:00:00,SHORT,1686.99,1660.6324365720302,1704.5617089519799,WIN,0.015624018771877609,7,1660.6324365720302
373,2022-08-03 13:00:00,LONG,1658.84,1687.5640360497378,1639.6906426335079,LOSS,-0.011543824218424948,7,1639.6906426335079
374,2022-08-04 08:00:00,SHORT,1613.49,1589.557476234563,1629.4450158436248,LOSS,-0.009888512382242703,2,1629.4450158436248
375,2022-08-05 06:00:00,LONG,1664.0,1689.0008013644401,1647.3327990903733,WIN,0.015024520050745265,5,1689.0008013644401
376,2022-08-09 15:00:00,SHORT,1684.62,1657.8927095674862,1702.4381936216755,LOSS,-0.010576980934380227,6,1702.4381936216755
377,2022-08-10 14:00:00,LONG,1844.04,1880.7361198609196,1819.57592009272,LOSS,-0.013266566835469912,4,1819.57592009272
378,2022-08-15 07:00:00,SHORT,1900.29,1864.1159884456956,1924.4060077028696,LOSS,-0.012690698631719179,9,1924.4060077028696
379,2022-08-23 14:00:00,LONG,1631.0,1662.3554251810504,1610.096383212633,WIN,0.019224662894574095,4,1662.3554251810504
380,2022-08-26 14:00:00,SHORT,1632.82,1600.2189273409413,1654.5540484393723,WIN,0.019966115468366796,1,1600.2189273409413
381,2022-08-29 20:00:00,LONG,1547.06,1572.786902412798,1529.9087317248013,LOSS,-0.011086362697761315,5,1529.9087317248013
382,2022-09-01 15:00:00,SHORT,1532.79,1497.573599460057,1556.267600359962,LOSS,-0.015316906007973712,2,1556.267600359962
383,2022-09-01 19:00:00,LONG,1563.05,1596.103715270234,1541.014189819844,WIN,0.02114693405216345,8,1596.103715270234
384,2022-09-03 07:00:00,SHORT,1543.56,1518.7638900263112,1560.0907399824591,LOSS,-0.01070948973960143,6,1560.0907399824591
385,2022-09-04 21:00:00,LONG,1576.62,1590.7848571803233,1567.1767618797842,LOSS,-0.005989546067039433,1,1567.1767618797842
386,2022-09-07 00:00:00,SHORT,1538.35,1503.1816009893262,1561.7955993404491,WIN,0.022861116787905054,2,1503.1816009893262
387,2022-09-07 23:00:00,LONG,1629.68,1661.636368469509,1608.3757543536608,LOSS,-0.013072655764530011,8,1608.3757543536608
388,2022-09-12 17:00:00,SHORT,1727.97,1698.2943341682676,1747.7537772211551,WIN,0.01717371588148662,7,1698.2943341682676
389,2022-09-23 04:00:00,LONG,1353.02,1382.1012466304303,1333.6325022463798,LOSS,-0.014329054820786249,3,1333.6325022463798
390,2022-09-23 11:00:00,SHORT,1286.96,1260.4812705335576,1304.6124863109617,LOSS,-0.013716421886431318,2,1304.6124863109617
391,2022-09-24 03:00:00,LONG,1321.12,1347.2546597938046,1303.6968934707968,WIN,0.019782199795480168,10,1347.2546597938046
392,2022-09-25 15:00:00,SHORT,1312.32,1298.6121324664696,1321.4585783556868,WIN,0.010445522078098606,2,1298.6121324664696
393,2022-09-26 17:00:00,LONG,1324.31,1345.5939928280281,1310.120671447981,WIN,0.016071760258571034,7,1345.5939928280281
394,2022-09-28 02:00:00,SHORT,1276.0,1250.7199603425388,1292.853359771641,LOSS,-0.013207962203480372,8,1292.853359771641
395,2022-09-29 00:00:00,LONG,1334.9,1358.8498336397722,1318.933444240152,LOSS,-0.01196086280608885,7,1318.933444240152
396,2022-09-29 14:00:00,SHORT,1321.36,1296.7405028027026,1337.7729981315313,LOSS,-0.012421291799003578,2,1337.7729981315313
397,2022-09-29 16:00:00,LONG,1337.33,1363.1017348282817,1320.1488434478122,LOSS,-0.012847357460154007,2,1320.1488434478122
398,2022-10-01 06:00:00,SHORT,1327.41,1313.3242568217108,1336.8004954521928,WIN,0.010611448744765557,10,1313.3242568217108
399,2022-10-03 20:00:00,LONG,1323.97,1338.3937382243557,1314.3541745170962,WIN,0.010894308952888435,10,1338.3937382243557
400,2022-10-07 13:00:00,SHORT,1332.68,1319.901312392193,1341.1991250718715,LOSS,-0.0063924761172010425,1,1341.1991250718715
401,2022-10-14 02:00:00,LONG,1330.04,1352.7261374975315,1314.915908334979,LOSS,-0.01137115550285786,12,1314.915908334979
402,2022-10-15 08:00:00,SHORT,1277.18,1265.3949643962242,1285.0366904025175,LOSS,-0.006151592103319356,2,1285.0366904025175
403,2022-10-16 22:00:00,LONG,1310.09,1322.154182458388,1302.0472116944077,LOSS,-0.00613911128669957,2,1302.0472116944077
404,2022-10-19 00:00:00,SHORT,1303.19,1289.8300086153995,1312.0966609230672,WIN,0.01025176020733781,20,1289.8300086153995
405,2022-10-21 22:00:00,LONG,1300.3,1311.4124425267548,1292.8917049821634,WIN,0.008546060545070273,15,1311.4124425267548
406,2022-10-31 08:00:00,SHORT,1581.09,1564.1155388882064,1592.4063074078622,LOSS,-0.0071572822596198,1,1592.4063074078622
407,2022-10-31 09:00:00,LONG,1618.71,1638.8252138895227,1605.299857406985,LOSS,-0.008284462685110398,4,1605.299857406985
408,2022-10-31 15:00:00,SHORT,1575.9,1548.4839729381902,1594.1773513745402,LOSS,-0.011598040087911734,11,1594.1773513745402
409,2022-11-01 10:00:00,LONG,1607.82,1628.9305993601006,1593.7462670932662,LOSS,-0.00875330130657273,1,1593.7462670932662
410,2022-11-01 14:00:00,SHORT,1569.49,1546.751772091737,1584.6488186055087,LOSS,-0.00965843592855559,4,1584.6488186055087
411,2022-11-04 08:00:00,LONG,1581.54,1598.5766228152672,1570.1822514564885,LOSS,-0.007181448805285629,4,1570.1822514564885
412,2022-11-06 22:00:00,SHORT,1597.59,1584.166275445798,1606.539149702801,WIN,0.008402484088033822,1,1584.166275445798
413,2022-11-15 04:00:00,LONG,1257.93,1282.5708825471313,1241.5027449685792,WIN,0.019588436993418744,9,1282.5708825471313
414,2022-11-16 10:00:00,SHORT,1231.72,1214.4319060573273,1243.2453959617817,WIN,0.01403573372411971,3,1214.4319060573273
415,2022-11-20 00:00:00,LONG,1220.7,1227.7022489386038,1216.0318340409308,LOSS,-0.0038241713435481738,8,1216.0318340409308
416,2022-11-20 11:00:00,SHORT,1168.8,1157.0183419889781,1176.6544386740145,WIN,0.010080131768499161,1,1157.0183419889781
417,2022-11-23 04:00:00,LONG,1162.87,1183.14593481054,1149.3527101263064,WIN,0.017436114794035527,15,1183.14593481054
418,2022-11-28 01:00:00,SHORT,1165.88,1153.8623601783993,1173.8917598810674,LOSS,-0.006871856349767807,3,1173.8917598810674
419,2022-11-29 09:00:00,LONG,1218.44,1235.5517986125376,1207.0321342583084,LOSS,-0.009362681577830417,4,1207.0321342583084
420,2022-12-03 16:00:00,SHORT,1269.41,1260.5909113431599,1275.2893924378936,WIN,0.006947391825210311,5,1260.5909113431599
421,2022-12-04 23:00:00,LONG,1280.2,1289.7261384072626,1273.8492410618248,WIN,0.007441132953649882,1,1289.7261384072626
422,2022-12-05 20:00:00,SHORT,1256.33,1243.8469760477412,1264.6520159681722,LOSS,-0.0066240684916959,4,1264.6520159681722
423,2022-12-08 18:00:00,LONG,1286.55,1299.4488891981161,1277.9507405345892,LOSS,-0.006683968338121952,2,1277.9507405345892
424,2022-12-12 00:00:00,SHORT,1253.56,1245.8641487206114,1258.6905675195924,WIN,0.0061391965916179,2,1245.8641487206114
425,2022-12-13 02:00:00,LONG,1269.56,1277.5317988624008,1264.245467425066,LOSS,-0.004186121628701276,5,1264.245467425066
426,2022-12-15 08:00:00,SHORT,1285.73,1275.0268636307146,1292.8654242461903,WIN,0.008324559875934607,5,1275.0268636307146
427,2022-12-20 06:00:00,LONG,1213.23,1227.2773753460642,1203.8650831026239,WIN,0.01157849323381733,9,1227.2773753460642
428,2022-12-22 16:00:00,SHORT,1189.96,1181.474395765505,1195.6170694896634,LOSS,-0.004753999705589599,4,1195.6170694896634
429,2022-12-23 00:00:00,LONG,1215.89,1226.50075927727,1208.8161604818201,WIN,0.008726742778762746,2,1226.50075927727
430,2022-12-25 16:00:00,SHORT,1211.94,1206.1866846341159,1215.775543577256,WIN,0.0047471948824893894,3,1206.1866846341159
431,2022-12-26 05:00:00,LONG,1220.14,1226.0926345429068,1216.1715769713956,LOSS,-0.003252432531188673,8,1216.1715769713956
432,2022-12-26 18:00:00,SHORT,1213.48,1209.0647435804176,1216.4235042797218,LOSS,-0.0024256718526236647,1,1216.4235042797218
433,2022-12-26 23:00:00,LONG,1228.03,1233.2594436503318,1224.543704233112,LOSS,-0.0028389337124401733,1,1224.543704233112
434,2022-12-27 15:00:00,SHORT,1211.07,1204.30998055462,1215.5766796302532,WIN,0.005581856907841694,2,1204.30998055462
435,2022-12-31 13:00:00,LONG,1201.08,1205.3061157698812,1198.2625894867458,WIN,0.0035185964048034184,1,1205.3061157698812
436,2023-01-01 04:00:00,SHORT,1192.59,1188.6384504889588,1195.224366340694,LOSS,-0.0022089455225131746,4,1195.224366340694
437,2023-01-01 18:00:00,LONG,1201.69,1205.0472340917229,1199.4518439388514,LOSS,-0.0018625070202370239,6,1199.4518439388514
438,2023-01-18 19:00:00,SHORT,1543.11,1517.3703988916097,1560.26973407226,WIN,0.01668034106991087,4,1517.3703988916097
439,2023-01-20 09:00:00,LONG,1552.28,1565.0604404085768,1543.7597063942821,WIN,0.008233334455495692,5,1565.0604404085768
440,2023-01-23 19:00:00,SHORT,1618.53,1597.4910260561123,1632.5559826292583,LOSS,-0.00866587745006787,2,1632.5559826292583
441,2023-01-23 20:00:00,LONG,1632.21,1653.2119043764671,1618.2087304156887,LOSS,-0.008578105503771775,13,1618.2087304156887
442,2023-01-24 13:00:00,SHORT,1617.55,1604.1769003970685,1626.4653997352875,WIN,0.008267503077451369,8,1604.1769003970685
443,2023-01-26 05:00:00,LONG,1619.36,1641.98493781477,1604.2767081234865,LOSS,-0.00931435374253618,1,1604.2767081234865
444,2023-01-27 02:00:00,SHORT,1570.62,1549.0100375060758,1585.026641662616,LOSS,-0.009172582586886732,3,1585.026641662616
445,2023-01-27 22:00:00,LONG,1592.41,1612.6378565588527,1578.9247622940982,LOSS,-0.008468445755742496,15,1578.9247622940982
446,2023-01-28 12:00:00,SHORT,1582.28,1568.922329760647,1591.1851134929018,WIN,0.008442039486913161,1,1568.922329760647
447,2023-01-29 09:00:00,LONG,1599.25,1612.9819995066548,1590.0953336622301,WIN,0.008586524625077255,1,1612.9819995066548
448,2023-01-30 15:00:00,SHORT,1582.64,1562.8275721216562,1595.8482852522293,WIN,0.012518594170717216,4,1562.8275721216562
449,2023-02-01 20:00:00,LONG,1631.36,1653.2152991341618,1616.7898005772254,WIN,0.013396981128728115,4,1653.2152991341618
450,2023-02-05 16:00:00,SHORT,1639.3,1626.351123299854,1647.932584466764,WIN,0.007899028060846705,1,1626.351123299854
451,2023-02-07 17:00:00,LONG,1671.54,1687.9736757711048,1660.5842161525968,LOSS,-0.006554305519104032,1,1660.5842161525968
452,2023-02-09 02:00:00,SHORT,1634.21,1619.4116583894713,1644.075561073686,WIN,0.009055348829421385,1,1619.4116583894713
453,2023-02-14 15:00:00,LONG,1539.52,1562.4874326594493,1524.2083782270338,WIN,0.01491856725437103,4,1562.4874326594493
454,2023-02-20 02:00:00,SHORT,1674.15,1659.2629858898572,1684.0746760734287,LOSS,-0.005928188079579846,1,1684.0746760734287
455,2023-02-20 05:00:00,LONG,1688.79,1702.8257489066996,1679.4328340622003,WIN,0.008311127438402413,4,1702.8257489066996
456,2023-02-21 11:00:00,SHORT,1670.12,1654.2309934973634,1680.7126710017574,LOSS,-0.006342461021817283,3,1680.7126710017574
457,2023-02-26 20:00:00,LONG,1644.77,1657.3261581932318,1636.399227871179,LOSS,-0.005089326853493829,2,1636.399227871179
458,2023-02-28 23:00:00,SHORT,1602.97,1587.1248777529365,1613.5334148313757,LOSS,-0.0065899017644595135,2,1613.5334148313757
459,2023-03-01 05:00:00,LONG,1650.4,1668.6942691506126,1638.2038205662584,LOSS,-0.007389832424710185,14,1638.2038205662584
460,2023-03-02 15:00:00,SHORT,1629.22,1616.2100228367397,1637.8933181088403,LOSS,-0.005323601544813008,3,1637.8933181088403
461,2023-03-02 22:00:00,LONG,1650.03,1663.5347258761408,1641.026849415906,LOSS,-0.005456355692983687,3,1641.026849415906
462,2023-03-03 01:00:00,SHORT,1556.67,1533.897478954125,1571.85168069725,LOSS,-0.00975266478910105,4,1571.85168069725
463,2023-03-07 04:00:00,LONG,1574.32,1582.929203079428,1568.5805312803814,LOSS,-0.003645681131929069,5,1568.5805312803814
464,2023-03-07 10:00:00,SHORT,1564.39,1556.9513597190305,1569.3490935206464,LOSS,-0.0031699854388268396,5,1569.3490935206464
465,2023-03-12 04:00:00,LONG,1464.94,1483.722217117639,1452.418521921574,LOSS,-0.008547434078137036,8,1452.418521921574
466,2023-03-16 00:00:00,SHORT,1644.8,1616.1269844871413,1663.915343675239,LOSS,-0.011621682681930354,10,1663.915343675239
467,2023-03-16 19:00:00,LONG,1679.91,1701.6053064759058,1665.4464623493961,LOSS,-0.008609709836005463,1,1665.4464623493961
468,2023-03-20 16:00:00,SHORT,1750.0,1724.4365424020896,1767.0423050652735,WIN,0.014607690055948816,15,1724.4365424020896
469,2023-03-21 14:00:00,LONG,1807.29,1834.8522610276868,1788.9151593148754,LOSS,-0.010167068198863814,3,1788.9151593148754
470,2023-03-22 20:00:00,SHORT,1730.41,1700.165259348726,1750.5731604341827,LOSS,-0.011652244516722973,10,1750.5731604341827
471,2023-03-23 16:00:00,LONG,1827.85,1854.5876255189012,1810.0249163207325,LOSS,-0.009751940082209939,2,1810.0249163207325
472,2023-03-24 17:00:00,SHORT,1737.41,1709.1114506447893,1756.2756995701407,LOSS,-0.010858519042793915,1,1756.2756995701407
473,2023-03-26 12:00:00,LONG,1775.42,1790.7522330947645,1765.198511270157,WIN,0.008635834391166278,1,1790.7522330947645
474,2023-03-27 08:00:00,SHORT,1757.11,1742.9091688492945,1766.5772207671369,LOSS,-0.005387949967353752,3,1766.5772207671369
475,2023-03-27 10:00:00,LONG,1764.04,1777.5857676758633,1755.009488216091,LOSS,-0.005119221663856192,2,1755.009488216091
476,2023-03-27 12:00:00,SHORT,1755.42,1741.8998992998934,1764.4334004667378,WIN,0.0077019178886572415,2,1741.8998992998934
477,2023-03-28 19:00:00,LONG,1785.98,1808.7668641377463,1770.7887572415025,LOSS,-0.008505830277213371,2,1770.7887572415025
478,2023-04-02 16:00:00,SHORT,1795.62,1784.947353399801,1802.7350977334659,LOSS,-0.003962474094444244,1,1802.7350977334659
479,2023-04-04 03:00:00,LONG,1808.93,1828.8983666941422,1795.6177555372387,WIN,0.011038772475519841,6,1828.8983666941422
480,2023-04-06 20:00:00,SHORT,1863.7,1847.927938563793,1874.214707624138,LOSS,-0.005641845588956407,4,1874.214707624138
481,2023-04-10 07:00:00,LONG,1859.95,1869.9695107303287,1853.270326179781,LOSS,-0.0035913190248227224,6,1853.270326179781
482,2023-04-12 05:00:00,SHORT,1863.49,1847.9587557202155,1873.8441628531896,LOSS,-0.005556328637765464,2,1873.8441628531896
483,2023-04-12 15:00:00,LONG,1918.43,1939.4495112014451,1904.41699253237,LOSS,-0.007304414269809235,3,1904.41699253237
484,2023-04-17 15:00:00,SHORT,2071.46,2052.7942470457633,2083.9038353028245,LOSS,-0.006007277621978934,1,2083.9038353028245
485,2023-04-18 09:00:00,LONG,2104.48,2120.200861378798,2093.9994257474677,WIN,0.007470188064889171,2,2120.200861378798
486,2023-04-19 07:00:00,SHORT,2073.2,2057.8021991094993,2083.465200593667,WIN,0.007427069694433991,1,2057.8021991094993
487,2023-04-26 01:00:00,LONG,1869.38,1887.8389983622337,1857.0740010918444,WIN,0.009874395982750224,8,1887.8389983622337
488,2023-04-30 23:00:00,SHORT,1868.1,1852.788318102017,1878.3077879319885,LOSS,-0.005464262048064133,1,1878.3077879319885
489,2023-05-02 23:00:00,LONG,1869.56,1884.6699734618428,1859.4866843587715,LOSS,-0.005388067588752658,1,1859.4866843587715
490,2023-05-06 17:00:00,SHORT,1882.56,1859.4010452044367,1897.999303197042,LOSS,-0.008201227688382913,1,1897.999303197042
491,2023-05-10 16:00:00,LONG,1873.15,1887.3500435097483,1863.6833043268346,LOSS,-0.0050538908646747625,1,1863.6833043268346
492,2023-05-10 17:00:00,SHORT,1830.08,1808.2242453123765,1844.6505031250822,LOSS,-0.007961675514230127,2,1844.6505031250822
493,2023-05-14 04:00:00,LONG,1802.97,1814.5018411970284,1795.282105868648,WIN,0.006396025001540996,11,1814.5018411970284
494,2023-05-17 10:00:00,SHORT,1805.17,1795.5059930807656,1811.6126712794896,WIN,0.005353516244583309,1,1795.5059930807656
495,2023-05-18 00:00:00,LONG,1820.53,1831.728683638991,1813.0642109073394,LOSS,-0.004100887704492946,14,1813.0642109073394
496,2023-05-18 17:00:00,SHORT,1777.11,1763.357487985905,1786.2783413427298,LOSS,-0.0051591299034555805,1,1786.2783413427298
497,2023-05-19 22:00:00,LONG,1812.35,1822.304374696928,1805.7137502020478,WIN,0.0054925233519619275,19,1822.304374696928
498,2023-05-20 00:00:00,SHORT,1808.14,1798.7209473276487,1814.4193684482343,LOSS,-0.003472833103760886,8,1814.4193684482343
499,2023-05-20 08:00:00,LONG,1814.84,1821.6881055656434,1810.274596289571,WIN,0.0037733935584643476,9,1821.6881055656434
500,2023-05-21 15:00:00,SHORT,1805.53,1798.4165573247756,1810.2722951168162,LOSS,-0.002626539086482193,5,1810.2722951168162
501,2023-05-22 14:00:00,LONG,1818.0,1827.5855608090872,1811.609626127275,WIN,0.005272585703568293,11,1827.5855608090872
502,2023-05-24 10:00:00,SHORT,1815.82,1805.8617153549708,1822.4588564300193,WIN,0.005484180505242344,3,1805.8617153549708
503,2023-05-26 10:00:00,LONG,1813.68,1822.419357700156,1807.8537615332295,WIN,0.004818577533057654,2,1822.419357700156
504,2023-05-31 08:00:00,SHORT,1869.36,1856.3712227220665,1878.0191848519555,WIN,0.0069482482121867506,6,1856.3712227220665
505,2023-06-02 05:00:00,LONG,1893.38,1905.869257368244,1885.053828421171,LOSS,-0.0043975174443741825,7,1885.053828421171
506,2023-06-05 02:00:00,SHORT,1877.2,1867.25863056495,1883.8275796233668,WIN,0.005295849901475651,2,1867.25863056495
507,2023-06-06 22:00:00,LONG,1881.37,1898.5895658382378,1869.8902894411747,LOSS,-0.0061017825089297794,11,1869.8902894411747
508,2023-06-07 19:00:00,SHORT,1850.24,1835.2661640158085,1860.2225573227945,WIN,0.00809291550511907,2,1835.2661640158085
509,2023-06-16 19:00:00,LONG,1722.18,1737.8681567247556,1711.721228850163,WIN,0.009109475620873296,10,1737.8681567247556
510,2023-06-19 18:00:00,SHORT,1712.96,1698.8378385705082,1722.374774286328,LOSS,-0.0054962020632868735,1,1722.374774286328
511,2023-06-19 20:00:00,LONG,1730.91,1746.2721187835925,1720.6685874776051,WIN,0.008875169005663177,5,1746.2721187835925
512,2023-06-26 04:00:00,SHORT,1877.68,1863.7500877500072,1886.966608166662,LOSS,-0.00494578850851148,2,1886.966608166662
513,2023-06-27 17:00:00,LONG,1901.91,1920.9175637807075,1889.2382908128618,LOSS,-0.006662622935437679,3,1889.2382908128618
514,2023-06-28 03:00:00,SHORT,1867.11,1850.0415937236212,1878.4889375175856,WIN,0.00914161794237014,4,1850.0415937236212
515,2023-06-30 04:00:00,LONG,1887.39,1904.5939561211553,1875.92069591923,LOSS,-0.006076806638145875,2,1875.92069591923
516,2023-07-05 03:00:00,SHORT,1941.16,1932.2975582594522,1947.0682944936987,WIN,0.0045655390284921726,5,1932.2975582594522
517,2023-07-10 18:00:00,LONG,1888.52,1898.7762312252842,1881.6825125164771,WIN,0.005430830081378107,1,1898.7762312252842
518,2023-07-13 02:00:00,SHORT,1871.08,1861.9880595225006,1877.141293651666,LOSS,-0.003239462583997541,7,1877.141293651666
519,2023-07-13 13:00:00,LONG,1887.39,1895.6789854898964,1881.8640096734027,LOSS,-0.002927847623754161,1,1881.8640096734027
520,2023-07-15 11:00:00,SHORT,1939.71,1926.152502824506,1948.7483314503295,WIN,0.0069894454199308466,15,1926.152502824506
521,2023-07-20 10:00:00,LONG,1920.74,1931.6456371447434,1913.4695752368377,LOSS,-0.0037852206770110906,3,1913.4695752368377
522,2023-07-20 15:00:00,SHORT,1887.67,1874.3385009363972,1896.557666042402,LOSS,-0.0047082731846148215,7,1896.557666042402
523,2023-07-26 19:00:00,LONG,1872.34,1881.8554893664584,1865.9963404223608,WIN,0.005082137521207951,1,1881.8554893664584
524,2023-07-28 00:00:00,SHORT,1861.96,1854.4315659497634,1866.9789560334912,LOSS,-0.0026955230152587175,9,1866.9789560334912
525,2023-07-28 13:00:00,LONG,1871.66,1878.040814110031,1867.4061239266462,WIN,0.003409173733493795,1,1878.040814110031
526,2023-07-30 21:00:00,SHORT,1861.58,1854.0299578538152,1866.6133614307898,LOSS,-0.0027038115100022075,3,1866.6133614307898
527,2023-08-02 04:00:00,LONG,1863.29,1873.4243797066458,1856.533746862236,LOSS,-0.003625980463461891,4,1856.533746862236
528,2023-08-02 15:00:00,SHORT,1841.93,1833.0384610091066,1847.8576926605956,WIN,0.004827294734812628,1,1833.0384610091066
529,2023-08-07 04:00:00,LONG,1840.99,1846.9616829867425,1837.0088780088383,LOSS,-0.002162489742563334,2,1837.0088780088383
530,2023-08-07 14:00:00,SHORT,1829.85,1823.636629435972,1833.9922470426852,WIN,0.0033955627860359347,1,1823.636629435972
531,2023-08-08 12:00:00,LONG,1845.03,1852.166574127414,1840.2722839150574,LOSS,-0.0025786659755898593,1,1840.2722839150574
532,2023-08-11 03:00:00,SHORT,1845.91,1840.3965647927528,1849.5856234714984,LOSS,-0.0019912257214589465,2,1849.5856234714984
533,2023-08-12 13:00:00,LONG,1853.0,1856.3500710001463,1850.766619333236,LOSS,-0.0012052782875143582,4,1850.766619333236
534,2023-08-13 06:00:00,SHORT,1849.18,1846.986461884621,1850.642358743586,LOSS,-0.0007908147089986032,2,1850.642358743586
535,2023-08-13 07:00:00,LONG,1849.86,1851.9761425357092,1848.4492383095271,LOSS,-0.0007626315994036209,8,1848.4492383095271
536,2023-08-13 16:00:00,SHORT,1847.0,1844.7843569228974,1848.477095384735,LOSS,-0.0007997267919518645,1,1848.477095384735
537,2023-08-13 18:00:00,LONG,1854.09,1856.9646361226037,1852.173575918264,WIN,0.0015504296569226741,1,1856.9646361226037
538,2023-08-13 22:00:00,SHORT,1839.62,1834.5439408762575,1843.0040394158282,LOSS,-0.0018395317597266194,2,1843.0040394158282
539,2023-08-14 15:00:00,LONG,1854.65,1859.7454244702792,1851.2530503531473,LOSS,-0.0018315852839364934,2,1851.2530503531473
540,2023-08-14 18:00:00,SHORT,1842.91,1837.217079970407,1846.705280019729,LOSS,-0.0020593952063469225,7,1846.705280019729
541,2023-08-23 18:00:00,LONG,1679.24,1695.2256790623237,1668.5828806251175,WIN,0.009519591638076568,1,1695.2256790623237
542,2023-08-24 18:00:00,SHORT,1644.99,1632.294099393468,1653.453933737688,LOSS,-0.005145279751055001,2,1653.453933737688
543,2023-08-27 16:00:00,LONG,1659.32,1664.1697095231689,1656.0868603178872,LOSS,-0.001948472676827121,1,1656.0868603178872
544,2023-08-28 05:00:00,SHORT,1643.26,1637.1220884051104,1647.3519410632598,WIN,0.0037352041642160104,4,1637.1220884051104
545,2023-08-29 02:00:00,LONG,1652.98,1661.1152237238268,1647.5565175174488,LOSS,-0.0032810333352800442,4,1647.5565175174488
546,2023-08-29 07:00:00,SHORT,1645.4,1638.1237400579173,1650.2508399613887,LOSS,-0.002948122013728334,7,1650.2508399613887
547,2023-08-29 14:00:00,LONG,1720.74,1736.878521460706,1709.9809856928628,WIN,0.009378826237959242,2,1736.878521460706
548,2023-08-31 17:00:00,SHORT,1658.92,1644.024101857001,1668.8505987619997,WIN,0.008979274553926143,4,1644.024101857001
549,2023-09-06 01:00:00,LONG,1633.7,1640.7281782476769,1629.0145478348823,LOSS,-0.0028680003459128326,13,1629.0145478348823
550,2023-09-06 07:00:00,SHORT,1629.46,1623.1105980575046,1633.6929346283305,LOSS,-0.0025977530153120914,3,1633.6929346283305
551,2023-09-07 01:00:00,LONG,1634.28,1644.5650934540838,1627.4232710306107,LOSS,-0.004195565612617926,10,1627.4232710306107
552,2023-09-07 13:00:00,SHORT,1627.29,1620.0547565021857,1632.1134956652095,LOSS,-0.0029641278845255123,2,1632.1134956652095
553,2023-09-07 17:00:00,LONG,1639.67,1647.8546924339098,1634.2135383773937,LOSS,-0.0033277803598324124,2,1634.2135383773937
554,2023-09-08 16:00:00,SHORT,1626.02,1617.2811000463767,1631.8459333024155,LOSS,-0.0035829407402218167,3,1631.8459333024155
555,2023-09-13 01:00:00,LONG,1599.89,1613.7887275039075,1590.6241816640618,LOSS,-0.005791534627967123,2,1590.6241816640618
556,2023-09-13 04:00:00,SHORT,1591.21,1578.7444955079866,1599.520336328009,LOSS,-0.005222652150256121,3,1599.520336328009
557,2023-09-13 11:00:00,LONG,1603.71,1616.5174603966366,1595.171693068909,LOSS,-0.005324096582980107,1,1595.171693068909
558,2023-09-17 17:00:00,SHORT,1621.01,1615.5453924105211,1624.6530717263192,LOSS,-0.0022474085454866097,1,1624.6530717263192
559,2023-09-18 09:00:00,LONG,1638.93,1647.337847800439,1633.3247681330406,WIN,0.0051300835303758905,1,1647.337847800439
560,2023-09-20 09:00:00,SHORT,1625.24,1615.8392807841917,1631.5071461438722,LOSS,-0.003856135797711228,2,1631.5071461438722
561,2023-09-26 05:00:00,LONG,1592.03,1597.9993403350697,1588.0504397766201,LOSS,-0.0024996766539448685,1,1588.0504397766201
562,2023-09-26 15:00:00,SHORT,1582.82,1575.9475218750883,1587.4016520832743,LOSS,-0.0028946134641174115,1,1587.4016520832743
563,2023-09-26 22:00:00,LONG,1588.36,1595.2373531767157,1583.7750978821894,WIN,0.004329845360444619,2,1595.2373531767157
564,2023-10-02 22:00:00,SHORT,1660.82,1639.4826378934697,1675.04490807102,WIN,0.012847486245667946,26,1639.4826378934697
565,2023-10-06 21:00:00,LONG,1654.14,1666.7441459869156,1645.7372360087231,LOSS,-0.005079838460636324,1,1645.7372360087231
566,2023-10-07 20:00:00,SHORT,1632.64,1626.7000168670113,1636.599988755326,LOSS,-0.002425512516737227,4,1636.599988755326
567,2023-10-14 17:00:00,LONG,1554.46,1561.469553858758,1549.7869640941615,WIN,0.004509317614321343,25,1561.469553858758
568,2023-10-17 20:00:00,SHORT,1559.81,1546.7080164721904,1568.5446556852064,LOSS,-0.005599820289141923,5,1568.5446556852064
569,2023-10-20 03:00:00,LONG,1585.86,1597.168868892623,1578.3207540715844,WIN,0.007131063834527131,5,1597.168868892623
570,2023-10-27 14:00:00,SHORT,1772.38,1753.4924873672524,1784.9716750884986,LOSS,-0.007104387935148503,1,1784.9716750884986
571,2023-10-29 13:00:00,LONG,1793.07,1803.3512161713493,1786.215855885767,WIN,0.005733862131065348,4,1803.3512161713493
572,2023-11-01 16:00:00,SHORT,1796.97,1780.5907088410374,1807.8895274393085,LOSS,-0.006076633132054774,2,1807.8895274393085
573,2023-11-01 17:00:00,LONG,1805.92,1822.4064846476083,1794.929010234928,WIN,0.009129133432050268,1,1822.4064846476083
574,2023-11-02 21:00:00,SHORT,1801.67,1783.557950027239,1813.7446999818408,WIN,0.010052923106207597,3,1783.557950027239
575,2023-11-03 22:00:00,LONG,1830.62,1846.5752206923514,1819.983186205099,WIN,0.008715746955868247,11,1846.5752206923514
576,2023-11-07 16:00:00,SHORT,1859.06,1841.270082746923,1870.9199448353847,LOSS,-0.006379538495468029,1,1870.9199448353847
577,2023-11-07 19:00:00,LONG,1894.22,1913.732145847307,1881.211902768462,LOSS,-0.006867257885323738,3,1881.211902768462
578,2023-11-13 06:00:00,SHORT,2038.56,2019.3710761422158,2051.3526159051894,LOSS,-0.006275319787099448,1,2051.3526159051894
579,2023-11-13 09:00:00,LONG,2055.35,2074.1629612666006,2042.8080258222662,LOSS,-0.006102111162446136,2,2042.8080258222662
580,2023-11-14 11:00:00,SHORT,2033.23,2012.6108799907554,2046.976080006163,LOSS,-0.006760710793251665,2,2046.976080006163
581,2023-11-15 23:00:00,LONG,2059.78,2083.077451318192,2044.2483657878724,LOSS,-0.007540433547334062,9,2044.2483657878724
582,2023-11-16 18:00:00,SHORT,1983.06,1950.462661198165,2004.7915592012232,WIN,0.01643789840036857,1,1950.462661198165
583,2023-11-19 19:00:00,LONG,1984.51,1997.6847437500596,1975.7268374999603,LOSS,-0.004425859532095923,1,1975.7268374999603
584,2023-11-21 18:00:00,SHORT,1974.81,1945.1781557726172,1994.5645628182551,LOSS,-0.010003272627875684,1,1994.5645628182551
585,2023-11-22 12:00:00,LONG,2022.29,2046.6165313884983,2006.0723124076678,WIN,0.012029200257380655,4,2046.6165313884983
586,2023-11-26 16:00:00,SHORT,2047.65,2033.209177869581,2057.277214753613,LOSS,-0.004701591948630313,4,2057.277214753613
587,2023-11-28 21:00:00,LONG,2054.0,2074.544073130786,2040.3039512461428,LOSS,-0.006667988682501077,3,2040.3039512461428
588,2023-11-29 19:00:00,SHORT,2036.98,2019.2622420895314,2048.791838606979,LOSS,-0.005798701316153869,17,2048.791838606979
589,2023-11-30 23:00:00,LONG,2052.26,2065.1159029564324,2043.6893980290454,WIN,0.006264266202348701,2,2065.1159029564324
590,2023-12-11 02:00:00,SHORT,2231.18,2194.635351100213,2255.5430992665247,LOSS,-0.01091937865457957,1,2255.5430992665247
591,2023-12-13 23:00:00,LONG,2260.13,2286.9527679295625,2242.2481547136254,WIN,0.01186779872377357,9,2286.9527679295625
592,2023-12-15 18:00:00,SHORT,2244.33,2221.9139443264385,2259.274037115708,WIN,0.009987860819737498,5,2221.9139443264385
593,2023-12-19 04:00:00,LONG,2237.74,2261.235273188723,2222.0764845408507,LOSS,-0.006999703030356092,10,2222.0764845408507
594,2023-12-19 17:00:00,SHORT,2142.15,2115.803824673804,2159.714116884131,LOSS,-0.00819929364616424,1,2159.714116884131
595,2023-12-20 11:00:00,LONG,2210.68,2233.2711062315016,2195.6192625123317,WIN,0.010219075683274707,2,2233.2711062315016
596,2023-12-21 01:00:00,SHORT,2193.76,2165.2101065494867,2212.7932623003426,LOSS,-0.008676091413984371,5,2212.7932623003426
597,2023-12-21 09:00:00,LONG,2219.44,2242.87556674759,2203.81628883494,WIN,0.010559225186348694,1,2242.87556674759
598,2023-12-24 22:00:00,SHORT,2256.32,2237.064622483671,2269.15691834422,LOSS,-0.005689316384298154,1,2269.15691834422
599,2023-12-27 14:00:00,LONG,2328.36,2352.102274971405,2312.53181668573,WIN,0.010196994868235623,1,2352.102274971405
600,2023-12-29 19:00:00,SHORT,2316.46,2284.03952835724,2338.07364776184,WIN,0.013995696728093652,2,2284.03952835724
601,2024-01-01 17:00:00,LONG,2312.62,2327.780288507852,2302.513140994765,WIN,0.00655546026059289,1,2327.780288507852
602,2024-01-03 13:00:00,SHORT,2222.27,2171.9943749121353,2255.7870833919096,LOSS,-0.015082363255549342,25,2255.7870833919096
603,2024-01-08 16:00:00,LONG,2264.21,2289.306143371325,2247.47923775245,WIN,0.011083840885485476,1,2289.306143371325
604,2024-01-13 10:00:00,SHORT,2532.38,2492.4650840895342,2558.9899439403107,LOSS,-0.010507879520573762,5,2558.9899439403107
605,2024-01-13 22:00:00,LONG,2573.44,2604.638992504903,2552.6406716633983,LOSS,-0.008082305527465873,5,2552.6406716633983
606,2024-01-14 05:00:00,SHORT,2551.55,2526.6804051280114,2568.1297299146595,WIN,0.009746857742152315,8,2526.6804051280114
607,2024-01-16 12:00:00,LONG,2545.86,2565.9407990950826,2532.4728006032788,LOSS,-0.005258419314778256,1,2532.4728006032788
608,2024-01-16 13:00:00,SHORT,2525.55,2504.727472268852,2539.431685154099,WIN,0.008244749750014078,1,2504.727472268852
609,2024-01-16 14:00:00,LONG,2534.49,2557.622347178923,2519.068435214051,WIN,0.009127022469579003,1,2557.622347178923
610,2024-01-17 19:00:00,SHORT,2533.87,2512.6954151666064,2547.986389888929,WIN,0.008356618466374956,3,2512.6954151666064
611,2024-01-26 16:00:00,LONG,2278.96,2301.1370210232453,2264.1753193178365,LOSS,-0.0064874682671760475,2,2264.1753193178365
612,2024-01-29 13:00:00,SHORT,2243.62,2227.4584005633446,2254.394399624437,LOSS,-0.004802239070982224,2,2254.394399624437
613,2024-01-29 16:00:00,LONG,2299.32,2321.1319602632407,2284.77869315784,WIN,0.009486265619070205,6,2321.1319602632407
614,2024-01-31 23:00:00,SHORT,2287.22,2261.0738671329245,2304.6507552447165,WIN,0.011431402692821533,2,2261.0738671329245
615,2024-02-02 06:00:00,LONG,2310.75,2327.0627939986093,2299.8748040009273,LOSS,-0.0047063490204793815,7,2299.8748040009273
616,2024-02-03 23:00:00,SHORT,2295.99,2285.299116007598,2303.1172559949346,LOSS,-0.0031042190928247883,2,2303.1172559949346
617,2024-02-05 09:00:00,LONG,2318.53,2333.8404717481776,2308.3230188345487,WIN,0.006603525401084913,4,2333.8404717481776
618,2024-02-06 00:00:00,SHORT,2301.24,2285.881375272907,2311.479083151395,LOSS,-0.004449376488934373,2,2311.479083151395
619,2024-02-06 01:00:00,LONG,2308.18,2323.3190801037285,2298.087279930847,WIN,0.0065588819345669324,1,2323.3190801037285
620,2024-02-12 11:00:00,SHORT,2486.3,2469.636086954168,2497.4092753638884,LOSS,-0.004468195858861832,3,2497.4092753638884
621,2024-02-12 14:00:00,LONG,2528.02,2547.0653906565935,2515.323072895604,WIN,0.007533718347399765,1,2547.0653906565935
622,2024-02-17 13:00:00,SHORT,2744.93,2719.593554550103,2761.8209636332645,WIN,0.009230270152571078,1,2719.593554550103
623,2024-02-18 07:00:00,LONG,2797.8,2821.002279390362,2782.3318137397587,WIN,0.008293044317092728,11,2821.002279390362
624,2024-02-21 20:00:00,SHORT,2902.96,2860.130267201341,2931.5131551991058,LOSS,-0.009835876208802647,2,2931.5131551991058
625,2024-02-21 23:00:00,LONG,2970.93,3014.0907408741446,2942.15617275057,LOSS,-0.009685124607254233,2,2942.15617275057
626,2024-02-23 12:00:00,SHORT,2928.84,2893.418222551444,2952.4545182990373,LOSS,-0.008062754639733537,2,2952.4545182990373
627,2024-02-24 12:00:00,LONG,2957.29,2980.9250585560926,2941.533294295938,WIN,0.007992134202628976,5,2980.9250585560926
628,2024-03-10 22:00:00,SHORT,3820.97,3779.0530907773955,3848.9146061484025,LOSS,-0.007313484834584602,1,3848.9146061484025
629,2024-03-11 08:00:00,LONG,4015.0,4079.4383188812562,3972.041120745829,WIN,0.01604939449097291,10,4079.4383188812562
630,2024-03-14 03:00:00,SHORT,3993.91,3946.226279237307,4025.6991471751285,WIN,0.011939107481814239,1,3946.226279237307
631,2024-03-20 23:00:00,LONG,3510.29,3613.4982789698365,3441.4844806867754,LOSS,-0.01960109259155925,19,3441.4844806867754
632,2024-03-22 14:00:00,SHORT,3289.28,3219.911087589131,3335.5259416072463,LOSS,-0.014059594077502095,1,3335.5259416072463
633,2024-03-24 20:00:00,LONG,3412.57,3454.9955246625236,3384.286316891651,WIN,0.012432133161377923,3,3454.9955246625236
634,2024-03-27 18:00:00,SHORT,3465.48,3410.65566909702,3502.0295539353197,LOSS,-0.010546750792190298,2,3502.0295539353197
635,2024-03-28 12:00:00,LONG,3575.0,3615.886356285287,3547.7424291431416,LOSS,-0.007624495344575767,5,3547.7424291431416
636,2024-03-29 09:00:00,SHORT,3533.82,3497.178419943395,3558.247720037737,LOSS,-0.006912553564623237,2,3558.247720037737
637,2024-03-31 05:00:00,LONG,3602.71,3631.274019598361,3583.6673202677594,WIN,0.007928481503746077,3,3631.274019598361
638,2024-04-01 13:00:00,SHORT,3554.51,3520.6812062767144,3577.0625291488573,WIN,0.009517146870675789,1,3520.6812062767144
639,2024-04-04 17:00:00,LONG,3410.13,3451.1542781502494,3382.7804812331674,LOSS,-0.008020080984253596,1,3382.7804812331674
640,2024-04-04 21:00:00,SHORT,3317.92,3268.0349777892216,3351.1766814738526,WIN,0.015035028635644775,5,3268.0349777892216
641,2024-04-06 07:00:00,LONG,3336.6,3371.526236516534,3313.3158423223103,WIN,0.010467612694519606,15,3371.526236516534
642,2024-04-10 01:00:00,SHORT,3514.4,3468.139060336141,3545.240626442573,LOSS,-0.008775502629914925,5,3545.240626442573
643,2024-04-11 05:00:00,LONG,3563.13,3605.7502229133156,3534.71651805779,WIN,0.011961456055017779,3,3605.7502229133156
644,2024-04-11 16:00:00,SHORT,3502.68,3451.809513218118,3536.593657854588,LOSS,-0.00968220272893559,12,3536.593657854588
645,2024-04-19 09:00:00,LONG,3104.54,3169.012628831126,3061.5582474459156,LOSS,-0.0138448055280603,5,3061.5582474459156
646,2024-04-24 20:00:00,SHORT,3128.5,3086.408228109258,3156.561181260495,LOSS,-0.008969532127375668,4,3156.561181260495
647,2024-04-27 17:00:00,LONG,3258.71,3294.0932640370315,3235.1211573086457,LOSS,-0.007238705712184984,1,3235.1211573086457
648,2024-04-29 09:00:00,SHORT,3178.16,3140.3891778824773,3203.340548078348,WIN,0.01188449358041212,3,3140.3891778824773
649,2024-05-03 03:00:00,LONG,3009.72,3046.4811894278473,2985.212540381435,LOSS,-0.008142770629349245,3,2985.212540381435
650,2024-05-03 08:00:00,SHORT,2976.48,2944.070206635937,2998.0865289093754,LOSS,-0.007259087549513303,4,2998.0865289093754
651,2024-05-03 12:00:00,LONG,3035.01,3072.501681676151,3010.015545549233,WIN,0.012353066934260717,3,3072.501681676151
652,2024-05-06 18:00:00,SHORT,3078.48,3039.040746754967,3104.7728354966885,WIN,0.012811274799587097,9,3039.040746754967
653,2024-05-10 04:00:00,LONG,3030.9,3056.948991638099,3013.534005574601,LOSS,-0.00572964941944607,10,3013.534005574601
654,2024-05-10 14:00:00,SHORT,2938.05,2906.972633876849,2958.768244082101,WIN,0.010577548415837383,2,2906.972633876849
655,2024-05-13 10:00:00,LONG,2962.0,2993.101477669278,2941.2656815538144,LOSS,-0.00700010751052857,7,2941.2656815538144
656,2024-05-14 08:00:00,SHORT,2913.87,2886.6782906176436,2931.9978062549044,WIN,0.009331819670183053,6,2886.6782906176436
657,2024-05-15 14:00:00,LONG,2975.95,3015.333723951228,2949.6941840325144,WIN,0.01323400055485749,5,3015.333723951228
658,2024-05-17 01:00:00,SHORT,2943.68,2918.0502877695058,2960.766474820329,LOSS,-0.00580446068197949,5,2960.766474820329
659,2024-05-17 07:00:00,LONG,3024.43,3053.229118569399,3005.2305876204005,WIN,0.00952216403401602,1,3053.229118569399
660,2024-05-20 01:00:00,SHORT,3078.02,3054.0282027496146,3094.014531500257,LOSS,-0.005196370231595937,2,3094.014531500257
661,2024-05-20 02:00:00,LONG,3091.76,3115.6398831610722,3075.840077892619,WIN,0.007723718257908773,2,3115.6398831610722
662,2024-05-24 13:00:00,SHORT,3685.19,3606.104401460561,3737.9137323596265,LOSS,-0.01430692375688266,5,3737.9137323596265
663,2024-05-25 06:00:00,LONG,3748.82,3796.333601738872,3717.144265507419,LOSS,-0.00844952131406185,22,3717.144265507419
664,2024-05-28 19:00:00,SHORT,3845.14,3793.2861281886817,3879.709247874212,LOSS,-0.008990374309963259,9,3879.709247874212
665,2024-06-01 08:00:00,LONG,3799.0,3827.169742638303,3780.2201715744645,WIN,0.007415041494683595,14,3827.169742638303
666,2024-06-02 20:00:00,SHORT,3784.82,3759.8114645564283,3801.4923569623816,LOSS,-0.004405059411644781,5,3801.4923569623816
667,2024-06-03 03:00:00,LONG,3803.67,3828.8090256908745,3786.910649539417,WIN,0.006609150029017871,3,3828.8090256908745
668,2024-06-03 19:00:00,SHORT,3771.17,3739.205872077888,3792.4794186147415,WIN,0.008475918063124139,5,3739.205872077888
669,2024-06-04 19:00:00,LONG,3797.28,3828.1887013945825,3776.6741990702785,WIN,0.008139695096116771,6,3828.1887013945825
670,2024-06-07 01:00:00,SHORT,3808.73,3784.8156037026365,3824.672930864909,LOSS,-0.004185891587198136,4,3824.672930864909
671,2024-06-15 09:00:00,LONG,3532.9,3569.352739891676,3508.5981734055495,WIN,0.010318078601623516,6,3569.352739891676
672,2024-06-17 13:00:00,SHORT,3496.35,3463.154801880002,3518.4801320799984,LOSS,-0.006329495639738149,1,3518.4801320799984
673,2024-06-19 06:00:00,LONG,3560.74,3602.881144616397,3532.6459035890684,LOSS,-0.007889960067550944,2,3532.6459035890684
674,2024-06-21 00:00:00,SHORT,3507.17,3475.5011883538536,3528.282541097431,LOSS,-0.0060198225627588475,2,3528.282541097431
675,2024-06-26 01:00:00,LONG,3413.76,3447.00112489133,3391.599250072447,LOSS,-0.006491595755868396,2,3391.599250072447
676,2024-06-26 10:00:00,SHORT,3373.44,3345.735558218977,3391.909627854015,LOSS,-0.0054750129997910195,4,3391.909627854015
677,2024-06-27 12:00:00,LONG,3430.24,3456.3050354368143,3412.86330970879,WIN,0.007598604015116864,1,3456.3050354368143
678,2024-06-28 20:00:00,SHORT,3388.41,3358.731911897198,3408.195392068534,WIN,0.00875870632621249,30,3358.731911897198
679,2024-06-30 19:00:00,LONG,3429.29,3446.6625307644417,3417.7083128237055,LOSS,-0.0033772842705908535,2,3417.7083128237055
680,2024-07-02 16:00:00,SHORT,3417.16,3397.5122213303644,3430.25851911309,LOSS,-0.0038331594403218853,2,3430.25851911309
681,2024-07-08 23:00:00,LONG,3019.8,3074.900600255203,2983.0662664965316,WIN,0.018246440246109875,5,3074.900600255203
682,2024-07-12 08:00:00,SHORT,3076.74,3041.1813017217537,3100.445798852164,LOSS,-0.007704843065115742,5,3100.445798852164
683,2024-07-12 15:00:00,LONG,3136.1,3170.7299026068367,3113.0133982621087,LOSS,-0.007361564279803327,5,3113.0133982621087
684,2024-07-19 00:00:00,SHORT,3405.1,3372.017979064164,3427.1546806238907,LOSS,-0.006476955338724507,3,3427.1546806238907
685,2024-07-19 15:00:00,LONG,3464.46,3501.114636990656,3440.0235753395627,WIN,0.010580187674458919,2,3501.114636990656
686,2024-07-22 14:00:00,SHORT,3446.82,3412.8341720086974,3469.477218660869,LOSS,-0.006573368687911957,4,3469.477218660869
687,2024-07-23 12:00:00,LONG,3504.44,3545.7138994680035,3476.9240670213308,LOSS,-0.007851734650520283,1,3476.9240670213308
688,2024-07-23 13:00:00,SHORT,3444.64,3397.6774504939963,3475.9483663373353,LOSS,-0.009089009689644035,1,3475.9483663373353
689,2024-07-27 11:00:00,LONG,3276.73,3300.049794744382,3261.183470170412,WIN,0.0071167886107130745,2,3300.049794744382
690,2024-07-28 01:00:00,SHORT,3248.84,3212.4955544139157,3273.069630390723,WIN,0.01118689919666234,4,3212.4955544139157
691,2024-07-28 19:00:00,LONG,3272.46,3295.693264761628,3256.971156825581,LOSS,-0.0047330886166427975,2,3256.971156825581
692,2024-07-30 20:00:00,SHORT,3277.74,3241.023217160855,3302.217855226096,LOSS,-0.007467906309254664,6,3302.217855226096
693,2024-07-31 12:00:00,LONG,3315.28,3344.544834098725,3295.7701106008503,WIN,0.008827258662533723,1,3344.544834098725
694,2024-07-31 19:00:00,SHORT,3267.45,3227.670148982278,3293.969900678481,WIN,0.012174585997558262,1,3227.670148982278
695,2024-08-08 17:00:00,LONG,2577.65,2641.744154510877,2534.9205636594156,WIN,0.02486534421309204,4,2641.744154510877
696,2024-08-11 23:00:00,SHORT,2552.65,2510.5376854759947,2580.724876349337,LOSS,-0.01099832579842009,9,2580.724876349337
697,2024-08-12 14:00:00,LONG,2702.54,2766.528541824467,2659.880972117022,LOSS,-0.015784790561093668,1,2659.880972117022
698,2024-08-15 01:00:00,SHORT,2642.65,2606.1138414105762,2667.007439059616,WIN,0.013825576065473615,6,2606.1138414105762
699,2024-08-18 02:00:00,LONG,2634.04,2653.031980804316,2621.378679463789,LOSS,-0.004806806478341617,1,2621.378679463789
700,2024-08-18 04:00:00,SHORT,2602.99,2582.205332877911,2616.846444748059,LOSS,-0.005323280054114462,4,2616.846444748059
701,2024-08-18 09:00:00,LONG,2645.54,2667.571635971548,2630.852242685635,WIN,0.008327840808132928,3,2667.571635971548
702,2024-08-19 10:00:00,SHORT,2576.89,2549.9142164198424,2594.8738557201045,LOSS,-0.006978899262329652,3,2594.8738557201045
703,2024-08-20 02:00:00,LONG,2654.93,2683.6255449152195,2635.7996367231867,WIN,0.010808399812883833,3,2683.6255449152195
704,2024-08-20 17:00:00,SHORT,2589.69,2560.4132784496105,2609.2078143669264,WIN,0.011305106615227899,8,2560.4132784496105
705,2024-08-21 21:00:00,LONG,2634.14,2664.7445521971667,2613.736965201889,LOSS,-0.007745615190578745,5,2613.736965201889
706,2024-08-26 13:00:00,SHORT,2726.82,2705.481838510871,2741.045440992753,WIN,0.007825291544410378,1,2705.481838510871
707,2024-09-02 15:00:00,LONG,2520.19,2551.854223073556,2499.0805179509625,WIN,0.01256422058398615,5,2551.854223073556
708,2024-09-03 15:00:00,SHORT,2442.81,2417.429846395465,2459.730102403023,LOSS,-0.006926491377971707,2,2459.730102403023
709,2024-09-09 07:00:00,LONG,2314.94,2339.1864514218287,2298.7756990521143,LOSS,-0.006982600390457528,7,2298.7756990521143
710,2024-09-11 13:00:00,SHORT,2290.33,2259.138691379823,2311.124205746785,LOSS,-0.009079130844369537,2,2311.124205746785
711,2024-09-11 20:00:00,LONG,2348.43,2380.3705881693813,2327.1362745537454,WIN,0.013600826155934604,6,2380.3705881693813
712,2024-09-15 19:00:00,SHORT,2372.38,2355.644086938757,2383.537275374162,WIN,0.007054482444314604,2,2355.644086938757
713,2024-09-17 18:00:00,LONG,2348.94,2379.9748721794795,2328.2500852136804,LOSS,-0.00880819211487718,6,2328.2500852136804
714,2024-09-18 09:00:00,SHORT,2295.34,2271.317549995731,2311.3549666695126,LOSS,-0.006977165330413983,3,2311.3549666695126
715,2024-09-18 23:00:00,LONG,2373.99,2406.4245262664676,2352.366982489021,WIN,0.01366245277632503,1,2406.4245262664676
716,2024-09-25 13:00:00,SHORT,2619.07,2597.714236705753,2633.307175529498,WIN,0.008153949033148035,2,2597.714236705753
717,2024-09-26 15:00:00,LONG,2652.56,2681.0734156238873,2633.5510562507416,LOSS,-0.007166263439567203,2,2633.5510562507416
718,2024-09-29 08:00:00,SHORT,2645.06,2627.9965962651236,2656.4356024899175,LOSS,-0.0043006973338667485,4,2656.4356024899175
719,2024-10-04 23:00:00,LONG,2414.45,2438.4835973120385,2398.427601791974,LOSS,-0.0066360447340079965,4,2398.427601791974
720,2024-10-08 06:00:00,SHORT,2435.52,2407.550080702726,2454.1666128648494,WIN,0.011484167363550256,9,2407.550080702726
721,2024-10-09 01:00:00,LONG,2463.25,2493.0246639188294,2443.400224054114,LOSS,-0.008058368393742412,3,2443.400224054114
722,2024-10-09 09:00:00,SHORT,2437.08,2414.3756586232644,2452.2162275844903,LOSS,-0.006210804563038706,6,2452.2162275844903
723,2024-10-11 13:00:00,LONG,2430.85,2451.6779653910407,2416.9646897393063,WIN,0.00856818207254287,2,2451.6779653910407
724,2024-10-22 01:00:00,SHORT,2645.89,2620.0161343727664,2663.139243751489,WIN,0.009778889382110934,8,2620.0161343727664
725,2024-10-27 22:00:00,LONG,2517.23,2534.641360178238,2505.6224265478413,LOSS,-0.00461124865513231,2,2505.6224265478413
726,2024-10-31 15:00:00,SHORT,2564.2,2532.80547199236,2585.1296853384265,WIN,0.012243400673754005,2,2532.80547199236
727,2024-11-06 02:00:00,LONG,2568.35,2613.649292859425,2538.15047142705,WIN,0.017637507683697665,1,2613.649292859425
728,2024-11-13 06:00:00,SHORT,3128.64,3050.066127204765,3181.02258186349,LOSS,-0.016742924038396886,2,3181.02258186349
729,2024-11-13 17:00:00,LONG,3274.36,3352.881859403787,3222.012093730809,LOSS,-0.01598721773695968,2,3222.012093730809
730,2024-11-13 19:00:00,SHORT,3159.63,3076.1477589834694,3215.2848273443537,LOSS,-0.01761434957395443,7,3215.2848273443537
731,2024-11-16 12:00:00,LONG,3175.93,3224.0628721760986,3143.8414185492675,LOSS,-0.010103680323789367,3,3143.8414185492675
732,2024-11-17 03:00:00,SHORT,3079.99,3033.1845659415403,3111.1936227056394,LOSS,-0.010131079226114257,1,3111.1936227056394
733,2024-11-17 08:00:00,LONG,3148.61,3197.722653847481,3115.868230768346,LOSS,-0.010398801131818155,3,3115.868230768346
734,2024-11-17 13:00:00,SHORT,3100.64,3053.1648289124455,3132.2901140583695,WIN,0.015311410253223327,9,3053.1648289124455
735,2024-11-18 17:00:00,LONG,3173.22,3224.608168572281,3138.9612209518123,LOSS,-0.01079621931293372,2,3138.9612209518123
736,2024-11-19 14:00:00,SHORT,3095.8,3048.942426175218,3127.038382549855,LOSS,-0.010090568689791017,4,3127.038382549855
737,2024-11-21 10:00:00,LONG,3132.5,3174.514952521526,3104.490031652316,WIN,0.013412594579896594,2,3174.514952521526
738,2024-11-24 19:00:00,SHORT,3328.34,3282.3278619266052,3359.014758715597,LOSS,-0.009216233532510774,3,3359.014758715597
739,2024-11-25 05:00:00,LONG,3380.73,3421.4372758194895,3353.5918161203404,WIN,0.012040972162665902,4,3421.4372758194895
740,2024-11-26 11:00:00,SHORT,3325.41,3258.6687699397344,3369.9041533735103,WIN,0.02007007558775173,7,3258.6687699397344
741,2024-11-27 10:00:00,LONG,3455.61,3511.81318373606,3418.1412108426266,WIN,0.016264330678537234,4,3511.81318373606
742,2024-12-02 10:00:00,SHORT,3574.2,3521.4232027224134,3609.3845315183908,LOSS,-0.009844029857979672,2,3609.3845315183908
743,2024-12-04 05:00:00,LONG,3681.29,3730.2322906931463,3648.661806204569,WIN,0.01329487508268741,5,3730.2322906931463
744,2024-12-09 05:00:00,SHORT,3941.97,3905.550739272877,3966.249507151415,WIN,0.009238847765742242,2,3905.550739272877
745,2024-12-11 20:00:00,LONG,3835.89,3894.367499307019,3796.905000461987,WIN,0.01524483217897779,7,3894.367499307019
746,2024-12-14 18:00:00,SHORT,3833.83,3796.2613499312874,3858.8757667124746,LOSS,-0.0065328318450413,2,3858.8757667124746
747,2024-12-15 17:00:00,LONG,3911.13,3941.8776214669288,3890.6315856887145,LOSS,-0.005241046529081267,4,3890.6315856887145
748,2024-12-17 23:00:00,SHORT,3892.32,3832.6136627068086,3932.124224862128,WIN,0.015339524317936759,5,3832.6136627068086
749,2024-12-23 23:00:00,LONG,3422.99,3494.2125800863464,3375.5082799424354,LOSS,-0.013871416526944111,3,3375.5082799424354
750,2024-12-26 09:00:00,SHORT,3373.83,3335.0539400504945,3399.6807066330034,WIN,0.01149318725291596,5,3335.0539400504945
751,2024-12-28 20:00:00,LONG,3400.03,3426.9450324560235,3382.086645029318,LOSS,-0.005277410778929103,5,3382.086645029318
752,2024-12-29 20:00:00,SHORT,3357.36,3331.7625867803763,3374.424942146416,WIN,0.007624268240410272,2,3331.7625867803763
753,2024-12-30 02:00:00,LONG,3416.74,3451.342693996708,3393.671537335528,LOSS,-0.006751600257693594,2,3393.671537335528
754,2024-12-30 15:00:00,SHORT,3323.7,3283.908424408519,3350.227717060987,LOSS,-0.007981381310282823,2,3350.227717060987
755,2024-12-30 20:00:00,LONG,3400.36,3441.311978976557,3373.0586806822957,LOSS,-0.008028949675241558,1,3373.0586806822957
756,2024-12-30 21:00:00,SHORT,3328.46,3280.963876664626,3360.1240822235827,LOSS,-0.009513132867326836,1,3360.1240822235827
757,2024-12-31 13:00:00,LONG,3427.9,3465.7086903885265,3402.6942064076493,LOSS,-0.0073531297856853466,3,3402.6942064076493
758,2024-12-31 20:00:00,SHORT,3338.98,3298.3505687724582,3366.0662874850277,LOSS,-0.008112144273109662,6,3366.0662874850277
759,2025-01-02 02:00:00,LONG,3396.21,3423.47920924384,3378.0305271707734,WIN,0.008029305974554025,2,3423.47920924384
760,2025-01-07 15:00:00,SHORT,3466.32,3413.21638293029,3501.722411379807,WIN,0.015319883066107645,4,3413.21638293029
761,2025-01-14 18:00:00,LONG,3228.69,3276.686345555833,3196.6924362961113,LOSS,-0.009910385854290368,17,3196.6924362961113
762,2025-01-18 10:00:00,SHORT,3266.96,3208.4141145446224,3305.990590303585,LOSS,-0.011947067090991345,1,3305.990590303585
763,2025-01-19 18:00:00,LONG,3431.09,3507.7433519159686,3379.9877653893545,LOSS,-0.014893877633826455,2,3379.9877653893545
764,2025-01-19 22:00:00,SHORT,3265.69,3168.4977310476893,3330.484845968207,WIN,0.02976163351460511,1,3168.4977310476893
765,2025-01-20 09:00:00,LONG,3364.06,3464.905460641646,3296.829692905569,LOSS,-0.019984871582085582,3,3296.829692905569
766,2025-01-21 00:00:00,SHORT,3224.25,3125.5591697428863,3290.0438868380757,LOSS,-0.020405950791060137,10,3290.0438868380757
767,2025-01-21 19:00:00,LONG,3332.5,3395.103450795006,3290.7643661366624,LOSS,-0.012523821114279857,12,3290.7643661366624
768,2025-01-22 15:00:00,SHORT,3279.15,3237.125681225781,3307.166212516146,WIN,0.012815613428546714,7,3237.125681225781
769,2025-01-24 03:00:00,LONG,3301.32,3359.9480659409,3262.234622706067,WIN,0.01775897699735254,2,3359.9480659409
770,2025-01-25 10:00:00,SHORT,3295.96,3260.3225078690853,3319.7183280872764,LOSS,-0.0072083180885922065,5,3319.7183280872764
771,2025-01-25 19:00:00,LONG,3337.18,3372.317952102882,3313.7546985980784,LOSS,-0.007019489929198122,14,3313.7546985980784
772,2025-01-26 15:00:00,SHORT,3315.77,3292.3399591164575,3331.3900272556953,LOSS,-0.004710829537541891,2,3331.3900272556953
773,2025-01-26 17:00:00,LONG,3339.15,3363.256259741422,3323.0791601723854,LOSS,-0.004812853518893937,4,3323.0791601723854
774,2025-01-26 22:00:00,SHORT,3288.5,3262.914338978603,3305.557107347598,WIN,0.007780343932308604,1,3262.914338978603
775,2025-01-30 06:00:00,LONG,3184.73,3232.4252134581766,3152.933191027882,WIN,0.014976218850005045,7,3232.4252134581766
776,2025-02-01 19:00:00,SHORT,3195.21,3152.387203045242,3223.758531303172,WIN,0.01340218544469938,2,3152.387203045242
777,2025-02-06 04:00:00,LONG,2820.66,2880.720564228316,2780.619623847789,LOSS,-0.014195392621659713,8,2780.619623847789
778,2025-02-06 16:00:00,SHORT,2708.4,2651.999786452701,2746.0001423648664,LOSS,-0.013882787758405816,18,2746.0001423648664
779,2025-02-10 17:00:00,LONG,2676.94,2718.930953896416,2648.9460307357226,WIN,0.015686176715360135,7,2718.930953896416
780,2025-02-11 19:00:00,SHORT,2591.85,2553.9641138172333,2617.1072574551777,LOSS,-0.00974487622940284,2,2617.1072574551777
781,2025-02-12 21:00:00,LONG,2683.5,2728.866949159151,2653.2553672272325,WIN,0.01690588751971338,1,2728.866949159151
782,2025-02-13 19:00:00,SHORT,2642.72,2601.4987092111946,2670.20086052587,LOSS,-0.010398703050595755,2,2670.20086052587
783,2025-02-13 23:00:00,LONG,2674.85,2711.4056433834617,2650.479571077692,WIN,0.013666427419654096,4,2711.4056433834617
784,2025-02-15 23:00:00,SHORT,2690.19,2665.792674415972,2706.4548837226853,LOSS,-0.006045998134958953,6,2706.4548837226853
785,2025-02-16 01:00:00,LONG,2700.61,2723.6494286923507,2685.2503808717665,WIN,0.00853119431993165,4,2723.6494286923507
786,2025-02-16 02:00:00,SHORT,2690.93,2668.499101928531,2705.8839320476454,LOSS,-0.0055571612965203835,3,2705.8839320476454
787,2025-02-16 05:00:00,LONG,2709.39,2731.484572909262,2694.6602847271583,LOSS,-0.005436543012575352,2,2694.6602847271583
788,2025-02-16 14:00:00,SHORT,2690.78,2670.020917838249,2704.6193881078343,WIN,0.007714893882722256,4,2670.020917838249
789,2025-02-17 10:00:00,LONG,2750.6,2780.8371556711295,2730.4418962192467,WIN,0.010992930877310255,4,2780.8371556711295
790,2025-02-18 08:00:00,SHORT,2665.7,2627.2659645652698,2691.32269028982,LOSS,-0.009611993206219825,1,2691.32269028982
791,2025-02-19 11:00:00,LONG,2727.46,2758.590011852321,2706.7066587651193,LOSS,-0.007609035965653295,1,2706.7066587651193
792,2025-02-21 20:00:00,SHORT,2629.57,2571.2718835584587,2668.4354109610276,LOSS,-0.014780139323550033,4,2668.4354109610276
793,2025-02-22 16:00:00,LONG,2773.88,2809.6244798691023,2750.050346753932,LOSS,-0.008590729680472161,11,2750.050346753932
794,2025-02-24 08:00:00,SHORT,2683.04,2644.562976069668,2708.691349286888,LOSS,-0.009560554179918315,1,2708.691349286888
795,2025-03-02 16:00:00,LONG,2444.7,2510.9137905798766,2400.5574729467485,LOSS,-0.018056418805273183,1,2400.5574729467485
796,2025-03-03 19:00:00,SHORT,2109.4,2037.3501177324108,2157.4332548450598,LOSS,-0.022771050936313486,3,2157.4332548450598
797,2025-03-05 19:00:00,LONG,2216.06,2262.394362947337,2185.1704247017756,WIN,0.020908442437179955,6,2262.394362947337
798,2025-03-07 00:00:00,SHORT,2118.74,2068.1810881612564,2152.4459412258284,LOSS,-0.0159084839224391,1,2152.4459412258284
799,2025-03-08 21:00:00,LONG,2215.87,2249.403790446344,2193.514139702437,LOSS,-0.010088976473151713,4,2193.514139702437
800,2025-03-09 10:00:00,SHORT,2135.74,2109.7908925534666,2153.0394049643555,WIN,0.012149937467357059,3,2109.7908925534666
801,2025-03-14 15:00:00,LONG,1919.63,1946.4373419344226,1901.758438710385,WIN,0.013964848400172187,26,1946.4373419344226
802,2025-03-16 12:00:00,SHORT,1882.91,1866.4014640343814,1893.9156906437458,LOSS,-0.005845043386962608,2,1893.9156906437458
803,2025-03-17 18:00:00,LONG,1950.09,1973.0369889564797,1934.7920073623468,LOSS,-0.007844762363610461,2,1934.7920073623468
804,2025-03-18 09:00:00,SHORT,1901.12,1883.2333772367022,1913.0444151755316,WIN,0.009408465937604011,4,1883.2333772367022
805,2025-03-19 00:00:00,LONG,1943.24,1963.3612964210918,1929.8258023859387,LOSS,-0.006903006120737182,2,1929.8258023859387
806,2025-03-21 10:00:00,SHORT,1968.07,1949.159790919221,1980.6768060538525,WIN,0.00960850431172618,2,1949.159790919221
807,2025-03-22 05:00:00,LONG,1987.51,2002.6554125284968,1977.4130583143356,WIN,0.007620295006564376,4,2002.6554125284968
808,2025-03-26 15:00:00,SHORT,2012.7,1991.3952358128256,2026.903176124783,WIN,0.010585166287660576,4,1991.3952358128256
